country label;time;new vehicle registrations
AUT;1970;277954
AUT;1971;278845
AUT;1972;280444
AUT;1973;282105
AUT;1974;283570
AUT;1975;283068
AUT;1976;282068
AUT;1977;282071
AUT;1978;282285
AUT;1979;281614
AUT;1980;281324
AUT;1981;281615
AUT;1982;282762
AUT;1983;282020
AUT;1984;281850
AUT;1985;281984
AUT;1986;282115
AUT;1987;282343
AUT;1988;282472
AUT;1989;276065
AUT;1990;288636
AUT;1991;303723
AUT;1992;320094
AUT;1993;285162
AUT;1994;273663
AUT;1995;279610
AUT;1996;307671
AUT;1997;275001
AUT;1998;295865
AUT;1999;314182
AUT;2000;309427
AUT;2001;293528
AUT;2002;279493
AUT;2003;300121
AUT;2004;311292
AUT;2005;309943
AUT;2006;308594
AUT;2007;298182
AUT;2008;293697
AUT;2009;319403
AUT;2010;328563
AUT;2011;356145
AUT;2012;336010
AUT;2013;319035
AUT;2014;303318
AUT;2015;308555
AUT;2016;329604
AUT;2017;353320
AUT;2018;341068
AUT;2019;329363
AUT;2020;248740
AUT;2021;239803
AUT;2022;0
BEL;1970;295701
BEL;1971;308140
BEL;1972;320579
BEL;1973;333018
BEL;1974;345457
BEL;1975;357897
BEL;1976;374340
BEL;1977;390783
BEL;1978;407226
BEL;1979;423668
BEL;1980;401611
BEL;1981;352613
BEL;1982;346303
BEL;1983;341243
BEL;1984;354051
BEL;1985;361948
BEL;1986;397156
BEL;1987;408879
BEL;1988;430520
BEL;1989;443963
BEL;1990;478219
BEL;1991;462125
BEL;1992;466195
BEL;1993;375409
BEL;1994;387348
BEL;1995;358868
BEL;1996;397359
BEL;1997;396240
BEL;1998;452129
BEL;1999;489621
BEL;2000;515204
BEL;2001;488683
BEL;2002;467569
BEL;2003;458796
BEL;2004;484757
BEL;2005;480088
BEL;2006;526141
BEL;2007;524795
BEL;2008;535947
BEL;2009;476164
BEL;2010;547347
BEL;2011;572211
BEL;2012;486737
BEL;2013;486065
BEL;2014;482939
BEL;2015;501066
BEL;2016;539519
BEL;2017;546558
BEL;2018;549632
BEL;2019;550003
BEL;2020;431491
BEL;2021;383123
BEL;2022;0
BGR;1970;30399
BGR;1971;30581
BGR;1972;30735
BGR;1973;30867
BGR;1974;31057
BGR;1975;31282
BGR;1976;31359
BGR;1977;31554
BGR;1978;31686
BGR;1979;31624
BGR;1980;31771
BGR;1981;31880
BGR;1982;31984
BGR;1983;32069
BGR;1984;32144
BGR;1985;32220
BGR;1986;32143
BGR;1987;32203
BGR;1988;32238
BGR;1989;32275
BGR;1990;31487
BGR;1991;31135
BGR;1992;30870
BGR;1993;30473
BGR;1994;30383
BGR;1995;30267
BGR;1996;30113
BGR;1997;29956
BGR;1998;29749
BGR;1999;29559
BGR;2000;29417
BGR;2001;29268
BGR;2002;28260
BGR;2003;28033
BGR;2004;27816
BGR;2005;27613
BGR;2006;32481
BGR;2007;41042
BGR;2008;43758
BGR;2009;24972
BGR;2010;15646
BGR;2011;19252
BGR;2012;20986
BGR;2013;20718
BGR;2014;21186
BGR;2015;24256
BGR;2016;28216
BGR;2017;33265
BGR;2018;37506
BGR;2019;39419
BGR;2020;27214
BGR;2021;24631
BGR;2022;0
CHE;1970;281833
CHE;1971;282945
CHE;1972;284804
CHE;1973;287291
CHE;1974;289043
CHE;1975;290403
CHE;1976;288790
CHE;1977;287102
CHE;1978;286841
CHE;1979;287153
CHE;1980;280452
CHE;1981;291066
CHE;1982;290890
CHE;1983;273886
CHE;1984;267488
CHE;1985;265467
CHE;1986;300170
CHE;1987;303302
CHE;1988;319406
CHE;1989;338969
CHE;1990;322974
CHE;1991;310193
CHE;1992;286289
CHE;1993;256917
CHE;1994;265892
CHE;1995;267975
CHE;1996;272214
CHE;1997;270625
CHE;1998;295165
CHE;1999;314691
CHE;2000;314482
CHE;2001;314580
CHE;2002;293034
CHE;2003;269711
CHE;2004;267476
CHE;2005;260682
CHE;2006;269748
CHE;2007;283972
CHE;2008;287971
CHE;2009;266478
CHE;2010;296597
CHE;2011;327955
CHE;2012;334045
CHE;2013;310154
CHE;2014;304083
CHE;2015;327143
CHE;2016;319331
CHE;2017;315032
CHE;2018;300887
CHE;2019;312902
CHE;2020;238664
CHE;2021;242263
CHE;2022;0
CYP;1970;13051
CYP;1971;13155
CYP;1972;13287
CYP;1973;13472
CYP;1974;13601
CYP;1975;10784
CYP;1976;10617
CYP;1977;10611
CYP;1978;10620
CYP;1979;10690
CYP;1980;10786
CYP;1981;10925
CYP;1982;11149
CYP;1983;11187
CYP;1984;11334
CYP;1985;11481
CYP;1986;11613
CYP;1987;11747
CYP;1988;11869
CYP;1989;11999
CYP;1990;12212
CYP;1991;12521
CYP;1992;12860
CYP;1993;13205
CYP;1994;13497
CYP;1995;13763
CYP;1996;13996
CYP;1997;14209
CYP;1998;14399
CYP;1999;14562
CYP;2000;14725
CYP;2001;14875
CYP;2002;15045
CYP;2003;9145
CYP;2004;19650
CYP;2005;19210
CYP;2006;20344
CYP;2007;25107
CYP;2008;24213
CYP;2009;15945
CYP;2010;15062
CYP;2011;14665
CYP;2012;10967
CYP;2013;7047
CYP;2014;8271
CYP;2015;10078
CYP;2016;12468
CYP;2017;13118
CYP;2018;13126
CYP;2019;12601
CYP;2020;9995
CYP;2021;10611
CYP;2022;0
CZE;1970;131276
CZE;1971;129993
CZE;1972;130448
CZE;1973;131075
CZE;1974;131896
CZE;1975;132829
CZE;1976;133755
CZE;1977;134614
CZE;1978;135367
CZE;1979;136080
CZE;1980;136699
CZE;1981;136395
CZE;1982;136603
CZE;1983;136772
CZE;1984;136843
CZE;1985;136940
CZE;1986;137026
CZE;1987;137076
CZE;1988;137161
CZE;1989;137287
CZE;1990;137314
CZE;1991;136552
CZE;1992;136657
CZE;1993;84423
CZE;1994;90765
CZE;1995;112104
CZE;1996;153962
CZE;1997;171548
CZE;1998;141155
CZE;1999;146170
CZE;2000;148685
CZE;2001;152141
CZE;2002;147754
CZE;2003;149546
CZE;2004;125768
CZE;2005;127376
CZE;2006;123987
CZE;2007;132542
CZE;2008;143661
CZE;2009;161659
CZE;2010;169236
CZE;2011;173282
CZE;2012;174009
CZE;2013;164736
CZE;2014;192314
CZE;2015;230857
CZE;2016;259693
CZE;2017;271595
CZE;2018;261437
CZE;2019;249915
CZE;2020;202971
CZE;2021;206876
CZE;2022;0
DEU;1970;2107123
DEU;1971;2106908
DEU;1972;2106693
DEU;1973;2106478
DEU;1974;2106263
DEU;1975;2106048
DEU;1976;2170076
DEU;1977;2234104
DEU;1978;2298132
DEU;1979;2623400
DEU;1980;2426187
DEU;1981;2330335
DEU;1982;2155537
DEU;1983;2426774
DEU;1984;2393939
DEU;1985;2379261
DEU;1986;2829438
DEU;1987;2915654
DEU;1988;2807939
DEU;1989;2831740
DEU;1990;3040783
DEU;1991;3485171
DEU;1992;3929558
DEU;1993;3194204
DEU;1994;3209224
DEU;1995;3314061
DEU;1996;3496320
DEU;1997;3528179
DEU;1998;3735987
DEU;1999;3802176
DEU;2000;3378343
DEU;2001;3341718
DEU;2002;3252898
DEU;2003;3236938
DEU;2004;3266826
DEU;2005;3342122
DEU;2006;3467961
DEU;2007;3148163
DEU;2008;3090040
DEU;2009;3807175
DEU;2010;2916260
DEU;2011;3173634
DEU;2012;3082504
DEU;2013;2952431
DEU;2014;3036773
DEU;2015;3206042
DEU;2016;3351607
DEU;2017;3441262
DEU;2018;3435778
DEU;2019;3607258
DEU;2020;2917678
DEU;2021;2622132
DEU;2022;0
DNK;1970;108634
DNK;1971;110054
DNK;1972;111474
DNK;1973;112894
DNK;1974;114314
DNK;1975;115733
DNK;1976;118578
DNK;1977;121423
DNK;1978;124268
DNK;1979;127114
DNK;1980;73961
DNK;1981;71778
DNK;1982;85512
DNK;1983;116346
DNK;1984;134478
DNK;1985;157632
DNK;1986;169492
DNK;1987;124324
DNK;1988;88770
DNK;1989;78453
DNK;1990;80837
DNK;1991;83828
DNK;1992;84518
DNK;1993;82084
DNK;1994;138994
DNK;1995;135712
DNK;1996;141926
DNK;1997;152607
DNK;1998;162238
DNK;1999;144232
DNK;2000;113633
DNK;2001;96114
DNK;2002;111598
DNK;2003;96501
DNK;2004;122543
DNK;2005;148578
DNK;2006;156719
DNK;2007;162481
DNK;2008;150663
DNK;2009;112249
DNK;2010;153614
DNK;2011;169794
DNK;2012;168936
DNK;2013;180643
DNK;2014;188409
DNK;2015;206652
DNK;2016;222473
DNK;2017;221471
DNK;2018;218476
DNK;2019;225619
DNK;2020;198979
DNK;2021;186592
DNK;2022;0
ESP;1970;865587
ESP;1971;877262
ESP;1972;886738
ESP;1973;896847
ESP;1974;906555
ESP;1975;916659
ESP;1976;926376
ESP;1977;936241
ESP;1978;945644
ESP;1979;954448
ESP;1980;962469
ESP;1981;969903
ESP;1982;976255
ESP;1983;981622
ESP;1984;985816
ESP;1985;989809
ESP;1986;992988
ESP;1987;995742
ESP;1988;998152
ESP;1989;999975
ESP;1990;988170
ESP;1991;886983
ESP;1992;982044
ESP;1993;743901
ESP;1994;909682
ESP;1995;834369
ESP;1996;910928
ESP;1997;1016383
ESP;1998;1192530
ESP;1999;1406246
ESP;2000;1381256
ESP;2001;1425573
ESP;2002;1331877
ESP;2003;1382109
ESP;2004;1517286
ESP;2005;1528877
ESP;2006;1634608
ESP;2007;1614835
ESP;2008;1161176
ESP;2009;952772
ESP;2010;982015
ESP;2011;808051
ESP;2012;699589
ESP;2013;722689
ESP;2014;855308
ESP;2015;1034232
ESP;2016;1147009
ESP;2017;1234932
ESP;2018;1321437
ESP;2019;1258249
ESP;2020;851210
ESP;2021;859482
ESP;2022;0
EST;1970;12886
EST;1971;13047
EST;1972;13208
EST;1973;13344
EST;1974;13464
EST;1975;13577
EST;1976;13678
EST;1977;13772
EST;1978;13880
EST;1979;13962
EST;1980;14036
EST;1981;14132
EST;1982;14235
EST;1983;14337
EST;1984;14432
EST;1985;14525
EST;1986;14626
EST;1987;14742
EST;1988;14855
EST;1989;14927
EST;1990;14974
EST;1991;14947
EST;1992;14824
EST;1993;14409
EST;1994;14081
EST;1995;13806
EST;1996;4528
EST;1997;9448
EST;1998;8400
EST;1999;6864
EST;2000;10240
EST;2001;12822
EST;2002;14701
EST;2003;15824
EST;2004;16514
EST;2005;19643
EST;2006;25372
EST;2007;30916
EST;2008;24590
EST;2009;9948
EST;2010;10299
EST;2011;17071
EST;2012;19426
EST;2013;19695
EST;2014;21135
EST;2015;21064
EST;2016;23078
EST;2017;25625
EST;2018;26310
EST;2019;27584
EST;2020;19285
EST;2021;22626
EST;2022;0
FIN;1970;91772
FIN;1971;74997
FIN;1972;100914
FIN;1973;118078
FIN;1974;96163
FIN;1975;116995
FIN;1976;92240
FIN;1977;90058
FIN;1978;80699
FIN;1979;99546
FIN;1980;103140
FIN;1981;104946
FIN;1982;127976
FIN;1983;119444
FIN;1984;126996
FIN;1985;138286
FIN;1986;143183
FIN;1987;151432
FIN;1988;173519
FIN;1989;176767
FIN;1990;139041
FIN;1991;92485
FIN;1992;68547
FIN;1993;55836
FIN;1994;67201
FIN;1995;79890
FIN;1996;95830
FIN;1997;104507
FIN;1998;125751
FIN;1999;136324
FIN;2000;134603
FIN;2001;109428
FIN;2002;117034
FIN;2003;147405
FIN;2004;142642
FIN;2005;148161
FIN;2006;145700
FIN;2007;125608
FIN;2008;139669
FIN;2009;90574
FIN;2010;111968
FIN;2011;126123
FIN;2012;111251
FIN;2013;103450
FIN;2014;106236
FIN;2015;108812
FIN;2016;119000
FIN;2017;118999
FIN;2018;120881
FIN;2019;114578
FIN;2020;96740
FIN;2021;98826
FIN;2022;0
FRA;1970;1296240
FRA;1971;1333454
FRA;1972;1370668
FRA;1973;1407882
FRA;1974;1445096
FRA;1975;1482310
FRA;1976;1605830
FRA;1977;1729350
FRA;1978;1852870
FRA;1979;1976391
FRA;1980;1873202
FRA;1981;1834646
FRA;1982;2056490
FRA;1983;2017617
FRA;1984;1757673
FRA;1985;1766328
FRA;1986;1911521
FRA;1987;2105180
FRA;1988;2217149
FRA;1989;2274307
FRA;1990;2309130
FRA;1991;2031274
FRA;1992;2105700
FRA;1993;1721222
FRA;1994;1972919
FRA;1995;1930504
FRA;1996;2132091
FRA;1997;1713030
FRA;1998;1943553
FRA;1999;2148423
FRA;2000;2133884
FRA;2001;2254732
FRA;2002;2145071
FRA;2003;2009246
FRA;2004;2013709
FRA;2005;2067789
FRA;2006;2000549
FRA;2007;2064543
FRA;2008;2050283
FRA;2009;2269011
FRA;2010;2210186
FRA;2011;2160928
FRA;2012;1857013
FRA;2013;1756952
FRA;2014;1765855
FRA;2015;1886229
FRA;2016;1984471
FRA;2017;2079515
FRA;2018;2138600
FRA;2019;2172967
FRA;2020;1631178
FRA;2021;1633180
FRA;2022;0
GRC;1970;94012
GRC;1971;94275
GRC;1972;94830
GRC;1973;95508
GRC;1974;95697
GRC;1975;96213
GRC;1976;97507
GRC;1977;99246
GRC;1978;100083
GRC;1979;101847
GRC;1980;102617
GRC;1981;103865
GRC;1982;104476
GRC;1983;105154
GRC;1984;105699
GRC;1985;78534
GRC;1986;65166
GRC;1987;50501
GRC;1988;57666
GRC;1989;85645
GRC;1990;115396
GRC;1991;167655
GRC;1992;199004
GRC;1993;147789
GRC;1994;112567
GRC;1995;128137
GRC;1996;136856
GRC;1997;162030
GRC;1998;180046
GRC;1999;261573
GRC;2000;288502
GRC;2001;279521
GRC;2002;267440
GRC;2003;256489
GRC;2004;288483
GRC;2005;268984
GRC;2006;267480
GRC;2007;279723
GRC;2008;266887
GRC;2009;220192
GRC;2010;140722
GRC;2011;97539
GRC;2012;58299
GRC;2013;58659
GRC;2014;70810
GRC;2015;75497
GRC;2016;78790
GRC;2017;88001
GRC;2018;103322
GRC;2019;114007
GRC;2020;79597
GRC;2021;100274
GRC;2022;0
HRV;1970;44219
HRV;1971;44397
HRV;1972;44601
HRV;1973;44785
HRV;1974;44994
HRV;1975;45197
HRV;1976;45425
HRV;1977;45676
HRV;1978;45899
HRV;1979;46108
HRV;1980;46174
HRV;1981;46208
HRV;1982;46410
HRV;1983;46665
HRV;1984;46892
HRV;1985;47107
HRV;1986;47317
HRV;1987;47509
HRV;1988;47684
HRV;1989;47820
HRV;1990;47926
HRV;1991;48023
HRV;1992;46152
HRV;1993;45749
HRV;1994;46647
HRV;1995;46785
HRV;1996;46004
HRV;1997;45521
HRV;1998;45559
HRV;1999;45465
HRV;2000;45167
HRV;2001;43135
HRV;2002;43236
HRV;2003;43235
HRV;2004;43238
HRV;2005;43290
HRV;2006;43306
HRV;2007;43317
HRV;2008;88265
HRV;2009;44918
HRV;2010;38587
HRV;2011;41561
HRV;2012;31360
HRV;2013;27802
HRV;2014;33962
HRV;2015;35715
HRV;2016;44106
HRV;2017;50769
HRV;2018;60041
HRV;2019;62938
HRV;2020;36084
HRV;2021;45289
HRV;2022;0
HUN;1970;163952
HUN;1971;164454
HUN;1972;164893
HUN;1973;165438
HUN;1974;165960
HUN;1975;166920
HUN;1976;167923
HUN;1977;168767
HUN;1978;169491
HUN;1979;169936
HUN;1980;170105
HUN;1981;170158
HUN;1982;170128
HUN;1983;169957
HUN;1984;169617
HUN;1985;169278
HUN;1986;169002
HUN;1987;168702
HUN;1988;168435
HUN;1989;168185
HUN;1990;164790
HUN;1991;164763
HUN;1992;164771
HUN;1993;164634
HUN;1994;164395
HUN;1995;164184
HUN;1996;163938
HUN;1997;163621
HUN;1998;163279
HUN;1999;129204
HUN;2000;134246
HUN;2001;146870
HUN;2002;171307
HUN;2003;206202
HUN;2004;212076
HUN;2005;202303
HUN;2006;182099
HUN;2007;171793
HUN;2008;153346
HUN;2009;60376
HUN;2010;43496
HUN;2011;45106
HUN;2012;53057
HUN;2013;56157
HUN;2014;67746
HUN;2015;77179
HUN;2016;96594
HUN;2017;116265
HUN;2018;136601
HUN;2019;157906
HUN;2020;128031
HUN;2021;121920
HUN;2022;0
IRL;1970;52947
IRL;1971;51803
IRL;1972;62603
IRL;1973;74789
IRL;1974;61022
IRL;1975;53066
IRL;1976;69514
IRL;1977;82310
IRL;1978;105582
IRL;1979;95910
IRL;1980;91728
IRL;1981;104645
IRL;1982;73330
IRL;1983;61094
IRL;1984;55893
IRL;1985;59592
IRL;1986;58760
IRL;1987;54341
IRL;1988;61888
IRL;1989;78383
IRL;1990;83420
IRL;1991;68533
IRL;1992;67861
IRL;1993;60792
IRL;1994;77773
IRL;1995;82730
IRL;1996;109333
IRL;1997;125818
IRL;1998;138538
IRL;1999;170322
IRL;2000;225269
IRL;2001;160908
IRL;2002;150485
IRL;2003;142992
IRL;2004;149635
IRL;2005;166270
IRL;2006;173273
IRL;2007;180754
IRL;2008;146470
IRL;2009;54432
IRL;2010;84907
IRL;2011;86932
IRL;2012;76256
IRL;2013;71348
IRL;2014;92361
IRL;2015;121110
IRL;2016;141931
IRL;2017;127045
IRL;2018;121157
IRL;2019;113305
IRL;2020;84309
IRL;2021;101853
IRL;2022;0
ISL;1970;8029
ISL;1971;8060
ISL;1972;8159
ISL;1973;8299
ISL;1974;8410
ISL;1975;8527
ISL;1976;8628
ISL;1977;8698
ISL;1978;8757
ISL;1979;8835
ISL;1980;8930
ISL;1981;9024
ISL;1982;9136
ISL;1983;9268
ISL;1984;9382
ISL;1985;9468
ISL;1986;9531
ISL;1987;9607
ISL;1988;9741
ISL;1989;9913
ISL;1990;9986
ISL;1991;10068
ISL;1992;10220
ISL;1993;10325
ISL;1994;10430
ISL;1995;6458
ISL;1996;8042
ISL;1997;10146
ISL;1998;13593
ISL;1999;15377
ISL;2000;13569
ISL;2001;7245
ISL;2002;6943
ISL;2003;9885
ISL;2004;11968
ISL;2005;18060
ISL;2006;17129
ISL;2007;15942
ISL;2008;9033
ISL;2009;2113
ISL;2010;3106
ISL;2011;5038
ISL;2012;7930
ISL;2013;7274
ISL;2014;9520
ISL;2015;14008
ISL;2016;18473
ISL;2017;21324
ISL;2018;17976
ISL;2019;11719
ISL;2020;9369
ISL;2021;12798
ISL;2022;0
ITA;1970;1363594
ITA;1971;1434529
ITA;1972;1470394
ITA;1973;1449100
ITA;1974;1280710
ITA;1975;1050947
ITA;1976;1187621
ITA;1977;1219172
ITA;1978;1194424
ITA;1979;1397039
ITA;1980;1530488
ITA;1981;1808476
ITA;1982;1851174
ITA;1983;1451512
ITA;1984;1572402
ITA;1985;1653217
ITA;1986;1769191
ITA;1987;1929568
ITA;1988;2119193
ITA;1989;2296784
ITA;1990;2283362
ITA;1991;2220321
ITA;1992;2389395
ITA;1993;1695264
ITA;1994;1683652
ITA;1995;1737108
ITA;1996;1723117
ITA;1997;2393607
ITA;1998;2363995
ITA;1999;2322430
ITA;2000;2411990
ITA;2001;2418226
ITA;2002;2302870
ITA;2003;2254317
ITA;2004;2272807
ITA;2005;2244108
ITA;2006;2335462
ITA;2007;2494115
ITA;2008;2161359
ITA;2009;2159924
ITA;2010;1962042
ITA;2011;1749469
ITA;2012;1403263
ITA;2013;1304842
ITA;2014;1360777
ITA;2015;1575954
ITA;2016;1826131
ITA;2017;1971646
ITA;2018;1911056
ITA;2019;1917106
ITA;2020;1381855
ITA;2021;1458313
ITA;2022;0
LIE;1970;1150
LIE;1971;1173
LIE;1972;1201
LIE;1973;1232
LIE;1974;1272
LIE;1975;1305
LIE;1976;1316
LIE;1977;1328
LIE;1978;1358
LIE;1979;1392
LIE;1980;1418
LIE;1981;1386
LIE;1982;1436
LIE;1983;1450
LIE;1984;1457
LIE;1985;1466
LIE;1986;1488
LIE;1987;1506
LIE;1988;1523
LIE;1989;1549
LIE;1990;1564
LIE;1991;1595
LIE;1992;1615
LIE;1993;1641
LIE;1994;1666
LIE;1995;1683
LIE;1996;1699
LIE;1997;1711
LIE;1998;1721
LIE;1999;1759
LIE;2000;1937
LIE;2001;2065
LIE;2002;2074
LIE;2003;1770
LIE;2004;1790
LIE;2005;1840
LIE;2006;1890
LIE;2007;1990
LIE;2008;2005
LIE;2009;1620
LIE;2010;1782
LIE;2011;2029
LIE;2012;2108
LIE;2013;1920
LIE;2014;1800
LIE;2015;2049
LIE;2016;1984
LIE;2017;2024
LIE;2018;1849
LIE;2019;1953
LIE;2020;1510
LIE;2021;1627
LIE;2022;0
LTU;1970;12298
LTU;1971;12462
LTU;1972;12609
LTU;1973;12735
LTU;1974;12852
LTU;1975;12967
LTU;1976;13071
LTU;1977;13180
LTU;1978;13279
LTU;1979;13373
LTU;1980;13423
LTU;1981;13494
LTU;1982;13579
LTU;1983;13685
LTU;1984;13800
LTU;1985;13914
LTU;1986;14039
LTU;1987;14185
LTU;1988;14334
LTU;1989;14490
LTU;1990;14565
LTU;1991;14597
LTU;1992;14614
LTU;1993;14566
LTU;1994;14476
LTU;1995;14365
LTU;1996;14255
LTU;1997;14148
LTU;1998;14046
LTU;1999;13945
LTU;2000;13849
LTU;2001;13750
LTU;2002;13622
LTU;2003;7543
LTU;2004;9493
LTU;2005;10467
LTU;2006;14234
LTU;2007;21606
LTU;2008;22217
LTU;2009;7515
LTU;2010;7970
LTU;2011;13234
LTU;2012;12165
LTU;2013;12163
LTU;2014;14461
LTU;2015;17071
LTU;2016;20284
LTU;2017;25836
LTU;2018;32382
LTU;2019;46388
LTU;2020;40338
LTU;2021;31454
LTU;2022;25541
LUX;1970;11633
LUX;1971;13794
LUX;1972;14988
LUX;1973;15948
LUX;1974;16581
LUX;1975;17356
LUX;1976;19036
LUX;1977;20715
LUX;1978;22395
LUX;1979;22796
LUX;1980;22440
LUX;1981;23008
LUX;1982;25796
LUX;1983;26482
LUX;1984;28597
LUX;1985;29235
LUX;1986;32960
LUX;1987;32660
LUX;1988;33847
LUX;1989;34382
LUX;1990;38648
LUX;1991;44055
LUX;1992;37334
LUX;1993;30723
LUX;1994;29054
LUX;1995;28029
LUX;1996;30001
LUX;1997;31418
LUX;1998;35928
LUX;1999;40476
LUX;2000;41896
LUX;2001;42833
LUX;2002;43403
LUX;2003;43620
LUX;2004;48234
LUX;2005;48517
LUX;2006;50837
LUX;2007;51332
LUX;2008;52359
LUX;2009;47264
LUX;2010;49726
LUX;2011;49881
LUX;2012;50398
LUX;2013;46624
LUX;2014;49793
LUX;2015;46473
LUX;2016;50561
LUX;2017;52775
LUX;2018;52811
LUX;2019;55008
LUX;2020;45189
LUX;2021;44372
LUX;2022;0
LVA;1970;11870
LVA;1971;11944
LVA;1972;12044
LVA;1973;12138
LVA;1974;12247
LVA;1975;12354
LVA;1976;12439
LVA;1977;12504
LVA;1978;12581
LVA;1979;12634
LVA;1980;12662
LVA;1981;12692
LVA;1982;12740
LVA;1983;12809
LVA;1984;12891
LVA;1985;12971
LVA;1986;13060
LVA;1987;13183
LVA;1988;13330
LVA;1989;13454
LVA;1990;13466
LVA;1991;13416
LVA;1992;13339
LVA;1993;13050
LVA;1994;12824
LVA;1995;12621
LVA;1996;12464
LVA;1997;4491
LVA;1998;6826
LVA;1999;5618
LVA;2000;5959
LVA;2001;6090
LVA;2002;6489
LVA;2003;6634
LVA;2004;9161
LVA;2005;15949
LVA;2006;26148
LVA;2007;32914
LVA;2008;19836
LVA;2009;5326
LVA;2010;6507
LVA;2011;11412
LVA;2012;11149
LVA;2013;11234
LVA;2014;13173
LVA;2015;14291
LVA;2016;16768
LVA;2017;17055
LVA;2018;17185
LVA;2019;18529
LVA;2020;13720
LVA;2021;14652
LVA;2022;0
MLT;1970;4078
MLT;1971;4082
MLT;1972;4079
MLT;1973;4076
MLT;1974;4073
MLT;1975;4070
MLT;1976;4133
MLT;1977;4112
MLT;1978;4165
MLT;1979;4198
MLT;1980;4250
MLT;1981;4287
MLT;1982;4313
MLT;1983;4474
MLT;1984;4438
MLT;1985;4476
MLT;1986;4596
MLT;1987;4629
MLT;1988;4660
MLT;1989;4705
MLT;1990;4751
MLT;1991;4879
MLT;1992;4931
MLT;1993;4981
MLT;1994;5031
MLT;1995;5075
MLT;1996;5101
MLT;1997;5142
MLT;1998;5179
MLT;1999;5209
MLT;2000;5241
MLT;2001;5277
MLT;2002;5320
MLT;2003;5356
MLT;2004;5398
MLT;2005;5675
MLT;2006;5862
MLT;2007;5334
MLT;2008;4424
MLT;2009;5404
MLT;2010;4572
MLT;2011;6362
MLT;2012;5884
MLT;2013;5749
MLT;2014;6451
MLT;2015;7132
MLT;2016;7306
MLT;2017;7776
MLT;2018;8175
MLT;2019;7698
MLT;2020;4602
MLT;2021;5250
MLT;2022;0
NLD;1970;432231
NLD;1971;402708
NLD;1972;432083
NLD;1973;429931
NLD;1974;404312
NLD;1975;480000
NLD;1976;508451
NLD;1977;551102
NLD;1978;581458
NLD;1979;575059
NLD;1980;451587
NLD;1981;390990
NLD;1982;406991
NLD;1983;459129
NLD;1984;461391
NLD;1985;495682
NLD;1986;560510
NLD;1987;555743
NLD;1988;482616
NLD;1989;496115
NLD;1990;502704
NLD;1991;490755
NLD;1992;491970
NLD;1993;391934
NLD;1994;433913
NLD;1995;446388
NLD;1996;473474
NLD;1997;478318
NLD;1998;543110
NLD;1999;611776
NLD;2000;597623
NLD;2001;530287
NLD;2002;510744
NLD;2003;488977
NLD;2004;483885
NLD;2005;465196
NLD;2006;483999
NLD;2007;504300
NLD;2008;499980
NLD;2009;387699
NLD;2010;482531
NLD;2011;555812
NLD;2012;502454
NLD;2013;417036
NLD;2014;387553
NLD;2015;448931
NLD;2016;382516
NLD;2017;414306
NLD;2018;443530
NLD;2019;445217
NLD;2020;355431
NLD;2021;322831
NLD;2022;0
NOR;1970;78958
NOR;1971;79471
NOR;1972;80073
NOR;1973;80696
NOR;1974;81202
NOR;1975;81703
NOR;1976;82103
NOR;1977;82473
NOR;1978;82800
NOR;1979;83105
NOR;1980;83366
NOR;1981;83641
NOR;1982;83942
NOR;1983;84258
NOR;1984;84500
NOR;1985;84735
NOR;1986;85007
NOR;1987;85341
NOR;1988;85806
NOR;1989;86264
NOR;1990;61901
NOR;1991;54254
NOR;1992;59364
NOR;1993;60822
NOR;1994;85067
NOR;1995;90502
NOR;1996;124994
NOR;1997;127737
NOR;1998;117977
NOR;1999;101278
NOR;2000;97376
NOR;2001;91916
NOR;2002;88721
NOR;2003;89921
NOR;2004;115645
NOR;2005;109907
NOR;2006;109164
NOR;2007;129195
NOR;2008;110617
NOR;2009;98675
NOR;2010;127754
NOR;2011;138345
NOR;2012;137967
NOR;2013;142151
NOR;2014;144202
NOR;2015;150686
NOR;2016;154603
NOR;2017;158650
NOR;2018;147929
NOR;2019;142381
NOR;2020;141405
NOR;2021;176276
NOR;2022;0
POL;1970;245158
POL;1971;245063
POL;1972;246947
POL;1973;249148
POL;1974;251473
POL;1975;253976
POL;1976;256520
POL;1977;259095
POL;1978;261514
POL;1979;263245
POL;1980;265740
POL;1981;268152
POL;1982;270609
POL;1983;273133
POL;1984;275732
POL;1985;278121
POL;1986;280200
POL;1987;281936
POL;1988;283381
POL;1989;284284
POL;1990;285438
POL;1991;286524
POL;1992;287470
POL;1993;288287
POL;1994;288937
POL;1995;289506
POL;1996;289722
POL;1997;289947
POL;1998;290102
POL;1999;290154
POL;2000;287125
POL;2001;287055
POL;2002;286967
POL;2003;286789
POL;2004;286580
POL;2005;207007
POL;2006;224728
POL;2007;277427
POL;2008;319190
POL;2009;276220
POL;2010;315855
POL;2011;277427
POL;2012;272719
POL;2013;289913
POL;2014;327709
POL;2015;354975
POL;2016;416123
POL;2017;486352
POL;2018;531889
POL;2019;555598
POL;2020;428347
POL;2021;446647
POL;2022;0
PRT;1970;204834
PRT;1971;204025
PRT;1972;203106
PRT;1973;203397
PRT;1974;203232
PRT;1975;209109
PRT;1976;219204
PRT;1977;221465
PRT;1978;223908
PRT;1979;226297
PRT;1980;228760
PRT;1981;231245
PRT;1982;232766
PRT;1983;234090
PRT;1984;234937
PRT;1985;235897
PRT;1986;236227
PRT;1987;236327
PRT;1988;236100
PRT;1989;235836
PRT;1990;210924
PRT;1991;228554
PRT;1992;276972
PRT;1993;242671
PRT;1994;232916
PRT;1995;201471
PRT;1996;217910
PRT;1997;213636
PRT;1998;248398
PRT;1999;272883
PRT;2000;257836
PRT;2001;255210
PRT;2002;226092
PRT;2003;189792
PRT;2004;197645
PRT;2005;206488
PRT;2006;194702
PRT;2007;201816
PRT;2008;213389
PRT;2009;161013
PRT;2010;223464
PRT;2011;153404
PRT;2012;95309
PRT;2013;105921
PRT;2014;142826
PRT;2015;178503
PRT;2016;207330
PRT;2017;222129
PRT;2018;228327
PRT;2019;223799
PRT;2020;145417
PRT;2021;146637
PRT;2022;0
ROU;1970;146774
ROU;1971;148389
ROU;1972;149852
ROU;1973;151252
ROU;1974;152443
ROU;1975;154076
ROU;1976;156293
ROU;1977;157837
ROU;1978;159273
ROU;1979;160685
ROU;1980;161300
ROU;1981;162387
ROU;1982;163425
ROU;1983;164175
ROU;1984;164660
ROU;1985;165342
ROU;1986;166007
ROU;1987;166856
ROU;1988;167648
ROU;1989;168433
ROU;1990;169161
ROU;1991;169022
ROU;1992;166236
ROU;1993;166007
ROU;1994;165784
ROU;1995;165525
ROU;1996;165115
ROU;1997;164573
ROU;1998;164167
ROU;1999;163893
ROU;2000;70236
ROU;2001;86785
ROU;2002;88840
ROU;2003;115761
ROU;2004;149290
ROU;2005;179531
ROU;2006;200136
ROU;2007;312585
ROU;2008;285558
ROU;2009;116030
ROU;2010;95228
ROU;2011;81853
ROU;2012;66423
ROU;2013;57700
ROU;2014;70175
ROU;2015;81175
ROU;2016;95181
ROU;2017;106873
ROU;2018;130921
ROU;2019;161564
ROU;2020;126329
ROU;2021;121210
ROU;2022;0
SVK;1970;53655
SVK;1971;53695
SVK;1972;54110
SVK;1973;54621
SVK;1974;55170
SVK;1975;55761
SVK;1976;56341
SVK;1977;56953
SVK;1978;57547
SVK;1979;58127
SVK;1980;58703
SVK;1981;59093
SVK;1982;59561
SVK;1983;60016
SVK;1984;60433
SVK;1985;60847
SVK;1986;61254
SVK;1987;61605
SVK;1988;61940
SVK;1989;62262
SVK;1990;62539
SVK;1991;62812
SVK;1992;62636
SVK;1993;62852
SVK;1994;63116
SVK;1995;63350
SVK;1996;63487
SVK;1997;63619
SVK;1998;63722
SVK;1999;63789
SVK;2000;63852
SVK;2001;63617
SVK;2002;63619
SVK;2003;57784
SVK;2004;57630
SVK;2005;59361
SVK;2006;65698
SVK;2007;60031
SVK;2008;56608
SVK;2009;74830
SVK;2010;64744
SVK;2011;68861
SVK;2012;69512
SVK;2013;65466
SVK;2014;71693
SVK;2015;78180
SVK;2016;88504
SVK;2017;96312
SVK;2018;98602
SVK;2019;101743
SVK;2020;76300
SVK;2021;75608
SVK;2022;78179
SVN;1970;53929
SVN;1971;54362
SVN;1972;54773
SVN;1973;55235
SVN;1974;55681
SVN;1975;55827
SVN;1976;56777
SVN;1977;57501
SVN;1978;58166
SVN;1979;58768
SVN;1980;59425
SVN;1981;59943
SVN;1982;59752
SVN;1983;60182
SVN;1984;60505
SVN;1985;60799
SVN;1986;61101
SVN;1987;62326
SVN;1988;62596
SVN;1989;62666
SVN;1990;62668
SVN;1991;62780
SVN;1992;62748
SVN;1993;62596
SVN;1994;62449
SVN;1995;62451
SVN;1996;62476
SVN;1997;62373
SVN;1998;67228
SVN;1999;77331
SVN;2000;55258
SVN;2001;52532
SVN;2002;51121
SVN;2003;60347
SVN;2004;63114
SVN;2005;61108
SVN;2006;60566
SVN;2007;68630
SVN;2008;71743
SVN;2009;57916
SVN;2010;61142
SVN;2011;60193
SVN;2012;50091
SVN;2013;52268
SVN;2014;54699
SVN;2015;60976
SVN;2016;65446
SVN;2017;73320
SVN;2018;75071
SVN;2019;73471
SVN;2020;53880
SVN;2021;54224
SVN;2022;0
SWE;1970;188625
SWE;1971;190436
SWE;1972;191242
SWE;1973;191565
SWE;1974;191902
SWE;1975;192680
SWE;1976;193433
SWE;1977;194086
SWE;1978;194812
SWE;1979;195220
SWE;1980;195664
SWE;1981;196015
SWE;1982;196134
SWE;1983;196239
SWE;1984;196312
SWE;1985;196596
SWE;1986;196961
SWE;1987;197512
SWE;1988;198280
SWE;1989;199335
SWE;1990;229941
SWE;1991;188308
SWE;1992;154173
SWE;1993;124434
SWE;1994;156375
SWE;1995;169756
SWE;1996;183820
SWE;1997;225263
SWE;1998;253430
SWE;1999;295249
SWE;2000;290529
SWE;2001;246581
SWE;2002;254589
SWE;2003;261206
SWE;2004;264246
SWE;2005;274301
SWE;2006;282766
SWE;2007;306799
SWE;2008;253982
SWE;2009;213408
SWE;2010;289684
SWE;2011;304984
SWE;2012;279899
SWE;2013;269558
SWE;2014;303948
SWE;2015;345108
SWE;2016;372318
SWE;2017;379393
SWE;2018;353729
SWE;2019;356036
SWE;2020;292024
SWE;2021;301008
SWE;2022;0
UK;1970;1141119
UK;1971;1157683
UK;1972;1174246
UK;1973;1190810
UK;1974;1207374
UK;1975;1223938
UK;1976;1368912
UK;1977;1513886
UK;1978;1658861
UK;1979;1803834
UK;1980;1601435
UK;1981;1573962
UK;1982;1714426
UK;1983;1981445
UK;1984;1935588
UK;1985;2027375
UK;1986;2070207
UK;1987;2214569
UK;1988;2435677
UK;1989;2535423
UK;1990;2053790
UK;1991;1627880
UK;1992;1629182
UK;1993;1818135
UK;1994;1953601
UK;1995;1988803
UK;1996;2070675
UK;1997;2219194
UK;1998;2297584
UK;1999;2246684
UK;2000;2271276
UK;2001;2643723
UK;2002;2742018
UK;2003;2705138
UK;2004;2657112
UK;2005;2498013
UK;2006;2392292
UK;2007;2443446
UK;2008;2159155
UK;2009;2012200
UK;2010;2040899
UK;2011;1950000
UK;2012;2055723
UK;2013;2274764
UK;2014;2492784
UK;2015;2661020
UK;2016;2723774
UK;2017;2564330
UK;2018;2394042
UK;2019;2346576
UK;2020;1656403
UK;2021;1677245
UK;2022;0
