geo country;vehicle age;survival rate
Austria;1;0,926723185
Austria;2;0,947937606
Austria;3;0,960205002
Austria;4;0,97292622
Austria;5;0,992012906
Austria;6;0,996225774
Austria;7;0,978029849
Austria;8;0,939380452
Austria;9;0,898111492
Austria;10;0,871015744
Austria;11;0,821727106
Austria;12;0,763603936
Austria;13;0,731164078
Austria;14;0,683486723
Austria;15;0,613403894
Austria;16;0,518739833
Austria;17;0,442936282
Austria;18;0,38032137
Austria;19;0,327887752
Austria;20;0,268911923
Austria;21;0,212262544
Austria;22;0,170269563
Austria;23;0,133269888
Austria;24;0,10001521
Austria;25;0,107603245
Austria;26;0,09617741
Austria;27;0,105829548
Austria;28;0,108129342
Austria;29;0,103769086
Austria;30;0,092444719
Austria;31;0,09742759
Austria;32;0,102520129
Austria;33;0,03525619
Austria;34;0
Austria;35;0
Austria;36;0
Austria;37;0
Austria;38;0
Austria;39;0
Austria;40;0
Austria;41;0
Austria;42;0
Austria;43;0
Austria;44;0
Austria;45;0
Belgium;1;0,970328067
Belgium;2;0,951600381
Belgium;3;0,923251328
Belgium;4;0,899569166
Belgium;5;0,822866009
Belgium;6;0,746236926
Belgium;7;0,681057984
Belgium;8;0,643890843
Belgium;9;0,601252919
Belgium;10;0,561153148
Belgium;11;0,528485122
Belgium;12;0,463932387
Belgium;13;0,419160205
Belgium;14;0,34066055
Belgium;15;0,302878267
Belgium;16;0,2673903
Belgium;17;0,222686258
Belgium;18;0,190237583
Belgium;19;0,149055354
Belgium;20;0,118654145
Belgium;21;0,08611513
Belgium;22;0,071903557
Belgium;23;0,056314986
Belgium;24;0,04311159
Belgium;25;0,033403998
Belgium;26;0,025367489
Belgium;27;0,019943266
Belgium;28;0,017498477
Belgium;29;0,01663519
Belgium;30;0,024594858
Belgium;31;0,02649716
Belgium;32;0,025208116
Belgium;33;0,022154999
Belgium;34;0,020586732
Belgium;35;0,019957004
Belgium;36;0,021387062
Belgium;37;0,018867351
Belgium;38;0,017551144
Belgium;39;0,018321255
Belgium;40;0,016800316
Belgium;41;0,014820781
Belgium;42;0,0140285
Belgium;43;0,015738739
Belgium;44;0,016136003
Belgium;45;0,015909085
Bulgaria;1;1,43977102
Bulgaria;2;1,303116043
Bulgaria;3;0,899642304
Bulgaria;4;0,945528715
Bulgaria;5;1,066075455
Bulgaria;6;1,860667706
Bulgaria;7;2,164437665
Bulgaria;8;2,478079864
Bulgaria;9;2,534057341
Bulgaria;10;2,501696369
Bulgaria;11;5,086546852
Bulgaria;12;6,258864886
Bulgaria;13;3,921440013
Bulgaria;14;2,237903926
Bulgaria;15;2,385999708
Bulgaria;16;6,078913827
Bulgaria;17;7,150588491
Bulgaria;18;7,098403796
Bulgaria;19;7,043455927
Bulgaria;20;6,986878981
Bulgaria;21;6,746248462
Bulgaria;22;6,71207805
Bulgaria;23;6,679833553
Bulgaria;24;6,637170997
Bulgaria;25;6,591307251
Bulgaria;26;6,556942184
Bulgaria;27;6,523580137
Bulgaria;28;6,4986736
Bulgaria;29;6,479480196
Bulgaria;30;3,018892128
Bulgaria;31;0
Bulgaria;32;0
Bulgaria;33;0
Bulgaria;34;0
Bulgaria;35;0
Bulgaria;36;0
Bulgaria;37;0
Bulgaria;38;0
Bulgaria;39;0
Bulgaria;40;0
Bulgaria;41;0
Bulgaria;42;0
Bulgaria;43;0
Bulgaria;44;0
Bulgaria;45;0
Switzerland;1;0,722991129
Switzerland;2;0,890461067
Switzerland;3;1,011278292
Switzerland;4;0,986340387
Switzerland;5;0,970695041
Switzerland;6;0,967056127
Switzerland;7;0,955362028
Switzerland;8;0,898569798
Switzerland;9;0,880981061
Switzerland;10;0,817973028
Switzerland;11;0,833162477
Switzerland;12;0,921249372
Switzerland;13;0,598419382
Switzerland;14;0,55375576
Switzerland;15;0,561553956
Switzerland;16;0,591165087
Switzerland;17;0,61172463
Switzerland;18;0,264876101
Switzerland;19;0,262681166
Switzerland;20;0,241773992
Switzerland;21;0,225214572
Switzerland;22;0,225284754
Switzerland;23;0,045553893
Switzerland;24;0,048567411
Switzerland;25;0,052971455
Switzerland;26;0,052662244
Switzerland;27;0,053495289
Switzerland;28;0,053914371
Switzerland;29;0,055797787
Switzerland;30;0,050073178
Switzerland;31;0,046214454
Switzerland;32;0,044385616
Switzerland;33;0,009600288
Switzerland;34;0,010188287
Switzerland;35;0,01072924
Switzerland;36;0,01084119
Switzerland;37;0,012258397
Switzerland;38;0,012165779
Switzerland;39;0,011881586
Switzerland;40;0,011187047
Switzerland;41;0,011180282
Switzerland;42;0,011603412
Switzerland;43;0,009135896
Switzerland;44;0,009145833
Switzerland;45;0,009137519
Cyprus;1;0,98605221
Cyprus;2;1,033016508
Cyprus;3;1,13022776
Cyprus;4;1,392884352
Cyprus;5;1,906769325
Cyprus;6;1,939541226
Cyprus;7;2,39950387
Cyprus;8;2,923733527
Cyprus;9;3,431559529
Cyprus;10;2,204996809
Cyprus;11;2,02778043
Cyprus;12;1,974332758
Cyprus;13;1,864998432
Cyprus;14;1,228158427
Cyprus;15;1,184426654
Cyprus;16;1,373397562
Cyprus;17;1,454471629
Cyprus;18;1,421903308
Cyprus;19;3,055265172
Cyprus;20;1,857121967
Cyprus;21;0,92692437
Cyprus;22;0,936366723
Cyprus;23;0,94684796
Cyprus;24;0,957566498
Cyprus;25;0,970370892
Cyprus;26;0,985138611
Cyprus;27;1,001816464
Cyprus;28;0,593761577
Cyprus;29;0
Cyprus;30;0
Cyprus;31;0
Cyprus;32;0
Cyprus;33;0
Cyprus;34;0
Cyprus;35;0
Cyprus;36;0
Cyprus;37;0
Cyprus;38;0
Cyprus;39;0
Cyprus;40;0
Cyprus;41;0
Cyprus;42;0
Cyprus;43;0
Cyprus;44;0
Cyprus;45;0
Czech Republic;1;0,945967651
Czech Republic;2;0,813330532
Czech Republic;3;0,777485589
Czech Republic;4;0,912610689
Czech Republic;5;0,954436585
Czech Republic;6;0,887140524
Czech Republic;7;1,06493859
Czech Republic;8;1,243217026
Czech Republic;9;1,176965559
Czech Republic;10;1,181903487
Czech Republic;11;1,454582949
Czech Republic;12;1,522759636
Czech Republic;13;1,713532552
Czech Republic;14;1,857281465
Czech Republic;15;1,985432344
Czech Republic;16;1,932607399
Czech Republic;17;1,957316647
Czech Republic;18;1,646100865
Czech Republic;19;1,666065217
Czech Republic;20;1,61802407
Czech Republic;21;1,65563305
Czech Republic;22;1,68411986
Czech Republic;23;1,74395381
Czech Republic;24;1,434979131
Czech Republic;25;1,598886738
Czech Republic;26;2,195887747
Czech Republic;27;2,601610753
Czech Republic;28;0
Czech Republic;29;0
Czech Republic;30;0
Czech Republic;31;0
Czech Republic;32;0
Czech Republic;33;0
Czech Republic;34;0
Czech Republic;35;0
Czech Republic;36;0
Czech Republic;37;0
Czech Republic;38;0
Czech Republic;39;0
Czech Republic;40;0
Czech Republic;41;0
Czech Republic;42;0
Czech Republic;43;0
Czech Republic;44;0
Czech Republic;45;0
Germany;1;0,94454894
Germany;2;0,933863504
Germany;3;0,956680393
Germany;4;0,906070183
Germany;5;0,87654006
Germany;6;0,862376466
Germany;7;0,837823085
Germany;8;0,812823349
Germany;9;0,788428586
Germany;10;0,763191873
Germany;11;0,728464278
Germany;12;0,686844451
Germany;13;0,678761812
Germany;14;0,584181435
Germany;15;0,521423764
Germany;16;0,485922996
Germany;17;0,424018632
Germany;18;0,364830879
Germany;19;0,326898445
Germany;20;0,264209637
Germany;21;0,217420201
Germany;22;0,175188547
Germany;23;0,143850258
Germany;24;0,108011082
Germany;25;0,083649384
Germany;26;0,065132482
Germany;27;0,052772716
Germany;28;0,040999008
Germany;29;0,036526158
Germany;30;0,03327448
Germany;31;0,038901104
Germany;32;0,036168974
Germany;33;0,03115505
Germany;34;0,024693556
Germany;35;0,020621788
Germany;36;0,017593246
Germany;37;0,016096174
Germany;38;0,015258116
Germany;39;0,015051669
Germany;40;0,016945661
Germany;41;0,01567457
Germany;42;0,015055311
Germany;43;0,013923534
Germany;44;0,015894213
Germany;45;0,016349731
Denmark;1;0,934461285
Denmark;2;0,918850733
Denmark;3;0,858526986
Denmark;4;0,879533679
Denmark;5;0,9249518
Denmark;6;0,89961928
Denmark;7;0,92456884
Denmark;8;0,917105871
Denmark;9;0,920578157
Denmark;10;0,90515935
Denmark;11;0,816194919
Denmark;12;0,768159152
Denmark;13;0,706438365
Denmark;14;0,656358894
Denmark;15;0,602039623
Denmark;16;0,565859915
Denmark;17;0,479276878
Denmark;18;0,413740483
Denmark;19;0,329499176
Denmark;20;0,294118174
Denmark;21;0,204788064
Denmark;22;0,156864643
Denmark;23;0,106758556
Denmark;24;0,077565059
Denmark;25;0,056432536
Denmark;26;0,060679509
Denmark;27;0,063457911
Denmark;28;0,061959509
Denmark;29;0,104916914
Denmark;30;0,101895454
Denmark;31;0,10273417
Denmark;32;0,106535374
Denmark;33;0,10977273
Denmark;34;0,063580038
Denmark;35;0
Denmark;36;0
Denmark;37;0
Denmark;38;0
Denmark;39;0
Denmark;40;0
Denmark;41;0
Denmark;42;0
Denmark;43;0
Denmark;44;0
Denmark;45;0
Spain;1;1,072014306
Spain;2;1,027271766
Spain;3;0,97994753
Spain;4;0,972292285
Spain;5;0,977954252
Spain;6;0,964448405
Spain;7;0,950480163
Spain;8;0,919540095
Spain;9;0,881052569
Spain;10;0,849094254
Spain;11;0,852185072
Spain;12;0,888973183
Spain;13;0,913186995
Spain;14;0,834842436
Spain;15;0,830803147
Spain;16;0,813383392
Spain;17;0,828428971
Spain;18;0,747963139
Spain;19;0,670544798
Spain;20;0,570407778
Spain;21;0,502807643
Spain;22;0,423100425
Spain;23;0,353222694
Spain;24;0,284852373
Spain;25;0,233237864
Spain;26;0,18835627
Spain;27;0,157220606
Spain;28;0,144261401
Spain;29;0,136118919
Spain;30;0,123626844
Spain;31;0,115297587
Spain;32;0,106637522
Spain;33;0,114971874
Spain;34;0,105144307
Spain;35;0,090207102
Spain;36;0,066896075
Spain;37;0,056976649
Spain;38;0,054111518
Spain;39;0,061318919
Spain;40;0,064194293
Spain;41;0,065484899
Spain;42;0,076889749
Spain;43;0,085104689
Spain;44;0,091016281
Spain;45;0,092538139
Estonia;1;0,928931318
Estonia;2;0,894477573
Estonia;3;0,910382831
Estonia;4;1,018852147
Estonia;5;1,087180488
Estonia;6;1,144033278
Estonia;7;1,216767945
Estonia;8;1,224887627
Estonia;9;1,273165778
Estonia;10;1,373777412
Estonia;11;1,544724972
Estonia;12;1,971550636
Estonia;13;1,982710092
Estonia;14;1,574705165
Estonia;15;1,488679001
Estonia;16;1,517105471
Estonia;17;1,64582803
Estonia;18;1,818517621
Estonia;19;1,733442872
Estonia;20;1,656009795
Estonia;21;1,66853845
Estonia;22;2,052539063
Estonia;23;2,945367133
Estonia;24;2,254047619
Estonia;25;1,875529213
Estonia;26;3,540415194
Estonia;27;1,116398667
Estonia;28;1,041829416
Estonia;29;0,97987369
Estonia;30;1,102334053
Estonia;31;0,957650365
Estonia;32;0,729664752
Estonia;33;0,666309372
Estonia;34;0,639313363
Estonia;35;0,574888075
Estonia;36;0,523861616
Estonia;37;0,45060241
Estonia;38;0,377009424
Estonia;39;0,344702518
Estonia;40;0,221847559
Estonia;41;0,152915369
Estonia;42;0,131803933
Estonia;43;0,111731844
Estonia;44;0,090778098
Estonia;45;0,086988092
Finland;1;0,963036043
Finland;2;1,004848046
Finland;3;1,026348863
Finland;4;1,065022626
Finland;5;1,141975983
Finland;6;1,152613445
Finland;7;1,158704922
Finland;8;1,112513649
Finland;9;1,103866602
Finland;10;1,075900441
Finland;11;1,074038835
Finland;12;1,04723671
Finland;13;1,043069755
Finland;14;0,969771388
Finland;15;0,993153302
Finland;16;0,914502402
Finland;17;0,833154474
Finland;18;0,766716675
Finland;19;0,689318544
Finland;20;0,614599176
Finland;21;0,511331652
Finland;22;0,425584868
Finland;23;0,361609108
Finland;24;0,30298765
Finland;25;0,246337566
Finland;26;0,197725138
Finland;27;0,183815246
Finland;28;0,161708903
Finland;29;0,151658428
Finland;30;0,136461114
Finland;31;0,117219008
Finland;32;0,102394258
Finland;33;0,088217823
Finland;34;0,083155159
Finland;35;0,074119077
Finland;36;0,066027392
Finland;37;0,055638315
Finland;38;0,044647075
Finland;39;0,035280131
Finland;40;0,024184222
Finland;41;0,01809502
Finland;42;0,015105682
Finland;43;0,014606313
Finland;44;0,012949355
Finland;45;0,012414222
France;1;1,594780581
France;2;1,59673791
France;3;1,198620941
France;4;1,21788261
France;5;0,894629469
France;6;0,937476738
France;7;0,986304102
France;8;1,053538031
France;9;1,058876623
France;10;1,020714772
France;11;0,877160461
France;12;0,85761135
France;13;0,83537744
France;14;0,924497057
France;15;0,561535507
France;16;0,579498028
France;17;0,560654013
France;18;0,57571089
France;19;0,576989677
France;20;0,294979397
France;21;0,280632798
France;22;0,296525842
France;23;0,294519166
France;24;0,325564443
France;25;0,369375755
France;26;0,272326674
France;27;0
France;28;0
France;29;0
France;30;0
France;31;0
France;32;0
France;33;0
France;34;0
France;35;0
France;36;0
France;37;0
France;38;0
France;39;0
France;40;0
France;41;0
France;42;0
France;43;0
France;44;0
France;45;0
Greece;1;0,999849241
Greece;2;0,998158008
Greece;3;0,996796423
Greece;4;1,015613459
Greece;5;1,05668232
Greece;6;1,104613428
Greece;7;1,119672363
Greece;8;1,196048347
Greece;9;1,280210638
Greece;10;1,24776756
Greece;11;1,111851736
Greece;12;1,062159388
Greece;13;1,1447504
Greece;14;1,19121059
Greece;15;1,187161657
Greece;16;1,137000714
Greece;17;1,074451527
Greece;18;1,026465073
Greece;19;0,969701615
Greece;20;0,928073383
Greece;21;0,910035286
Greece;22;0,399768707
Greece;23;0,580788798
Greece;24;0,64536629
Greece;25;0,764078301
Greece;26;0,816069519
Greece;27;0,928946316
Greece;28;0,707554013
Greece;29;0,525460292
Greece;30;0,623713578
Greece;31;0,906172658
Greece;32;1,220955105
Greece;33;1,813351021
Greece;34;2,070626324
Greece;35;1,604651198
Greece;36;1,139470802
Greece;37;0
Greece;38;0
Greece;39;0
Greece;40;0
Greece;41;0
Greece;42;0
Greece;43;0
Greece;44;0
Greece;45;0
Croatia;1;1,577954912
Croatia;2;1,699873905
Croatia;3;0,974582128
Croatia;4;1,021606069
Croatia;5;1,208183143
Croatia;6;1,527190178
Croatia;7;1,88599328
Croatia;8;1,983341676
Croatia;9;2,422784332
Croatia;10;2,14790338
Croatia;11;1,620708116
Croatia;12;1,745620287
Croatia;13;1,499582573
Croatia;14;0,763136577
Croatia;15;1,555007272
Croatia;16;1,555402254
Croatia;17;1,555977131
Croatia;18;1,55784842
Croatia;19;1,557956517
Croatia;20;1,557920483
Croatia;21;1,561568332
Croatia;22;1,491315562
Croatia;23;1,481540746
Croatia;24;1,478483944
Croatia;25;1,479718152
Croatia;26;1,464182462
Croatia;27;1,346836593
Croatia;28;0
Croatia;29;0
Croatia;30;0
Croatia;31;0
Croatia;32;0
Croatia;33;0
Croatia;34;0
Croatia;35;0
Croatia;36;0
Croatia;37;0
Croatia;38;0
Croatia;39;0
Croatia;40;0
Croatia;41;0
Croatia;42;0
Croatia;43;0
Croatia;44;0
Croatia;45;0
Hungary;1;0,533661417
Hungary;2;0,75773836
Hungary;3;0,821026433
Hungary;4;0,91261411
Hungary;5;1,01264353
Hungary;6;1,141458062
Hungary;7;1,320100027
Hungary;8;1,447745992
Hungary;9;1,714906423
Hungary;10;1,936087604
Hungary;11;2,446658981
Hungary;12;2,383483539
Hungary;13;1,806396581
Hungary;14;1,34718871
Hungary;15;1,392227856
Hungary;16;1,413011604
Hungary;17;1,32497788
Hungary;18;1,31218997
Hungary;19;1,260191463
Hungary;20;1,263812921
Hungary;21;1,229740587
Hungary;22;1,196043085
Hungary;23;1,072861521
Hungary;24;0,61145034
Hungary;25;0,406384266
Hungary;26;0,356457929
Hungary;27;0,228585002
Hungary;28;0,230006995
Hungary;29;0,166788148
Hungary;30;0,111190683
Hungary;31;0,080285015
Hungary;32;0,110449663
Hungary;33;0,076178018
Hungary;34;0,047733547
Hungary;35;0,044202203
Hungary;36;0,038419664
Hungary;37;0,032993065
Hungary;38;0,026294534
Hungary;39;0,021528975
Hungary;40;0,018133405
Hungary;41;0,014974318
Hungary;42;0,013809118
Hungary;43;0,011033566
Hungary;44;0,008755627
Hungary;45;0,007175573
Ireland;1;0,889183431
Ireland;2;1,826139558
Ireland;3;1,884709413
Ireland;4;1,724110039
Ireland;5;1,616521705
Ireland;6;1,394106996
Ireland;7;1,266427215
Ireland;8;1,386764977
Ireland;9;1,424272579
Ireland;10;1,243272661
Ireland;11;1,174274145
Ireland;12;1,117375481
Ireland;13;1,078722075
Ireland;14;0,794927289
Ireland;15;0,59403388
Ireland;16;0,448304121
Ireland;17;0,313838937
Ireland;18;0,21540415
Ireland;19;0,132503916
Ireland;20;0,080134233
Ireland;21;0,051109951
Ireland;22;0,037497392
Ireland;23;0,049594298
Ireland;24;0,022614734
Ireland;25;0
Ireland;26;0
Ireland;27;0
Ireland;28;0
Ireland;29;0
Ireland;30;0
Ireland;31;0
Ireland;32;0
Ireland;33;0
Ireland;34;0
Ireland;35;0
Ireland;36;0
Ireland;37;0
Ireland;38;0
Ireland;39;0
Ireland;40;0
Ireland;41;0
Ireland;42;0
Ireland;43;0
Ireland;44;0
Ireland;45;0
Iceland;1;1,093061416
Iceland;2;1,105667627
Iceland;3;1,071166482
Iceland;4;1,087672452
Iceland;5;1,116253986
Iceland;6;1,111893033
Iceland;7;1,057467162
Iceland;8;1,080147059
Iceland;9;1,074374484
Iceland;10;1,042244641
Iceland;11;1,024017467
Iceland;12;0,99742434
Iceland;13;0,903928064
Iceland;14;0,848887413
Iceland;15;0,804039644
Iceland;16;0,733376146
Iceland;17;0,650830565
Iceland;18;0,578877005
Iceland;19;0,467779464
Iceland;20;0,38009506
Iceland;21;0,286818496
Iceland;22;0,193013487
Iceland;23;0,143395981
Iceland;24;0,113661443
Iceland;25;0,100532229
Iceland;26;0,091768217
Iceland;27;0,087488386
Iceland;28;0,049856184
Iceland;29;0,04377724
Iceland;30;0,049119374
Iceland;31;0,05234406
Iceland;32;0,039955938
Iceland;33;0,02431151
Iceland;34;0,033672108
Iceland;35;0,036431769
Iceland;36;0,025810513
Iceland;37;0,01478665
Iceland;38;0,01279045
Iceland;39;0,010681916
Iceland;40;0,010945709
Iceland;41;0,011414007
Iceland;42;0,010638298
Iceland;43;0,011997736
Iceland;44;0,011647825
Iceland;45;0,010692113
Italy;1;1,097225356
Italy;2;1,074197365
Italy;3;1,059306058
Italy;4;1,033925222
Italy;5;1,013475543
Italy;6;1,00679305
Italy;7;0,993518212
Italy;8;0,97168456
Italy;9;0,94641037
Italy;10;0,914194987
Italy;11;0,899531229
Italy;12;0,876910892
Italy;13;0,8478965
Italy;14;0,792915476
Italy;15;0,766098596
Italy;16;0,714100679
Italy;17;0,648491962
Italy;18;0,58922601
Italy;19;0,509626197
Italy;20;0,43558299
Italy;21;0,414804489
Italy;22;0,415876931
Italy;23;0,431914417
Italy;24;0,424320271
Italy;25;0,419070883
Italy;26;0,582137487
Italy;27;0,57744884
Italy;28;0,595782858
Italy;29;0,058977245
Italy;30;0
Italy;31;0
Italy;32;0
Italy;33;0
Italy;34;0
Italy;35;0
Italy;36;0
Italy;37;0
Italy;38;0
Italy;39;0
Italy;40;0
Italy;41;0
Italy;42;0
Italy;43;0
Italy;44;0
Italy;45;0
Liechtenstein;1;0,944068838
Liechtenstein;2;1,117218543
Liechtenstein;3;1,167434716
Liechtenstein;4;1,18009735
Liechtenstein;5;1,072134387
Liechtenstein;6;1,065524194
Liechtenstein;7;1,045876037
Liechtenstein;8;1,052777778
Liechtenstein;9;0,986979167
Liechtenstein;10;0,89800759
Liechtenstein;11;0,792015771
Liechtenstein;12;0,745230079
Liechtenstein;13;0,662345679
Liechtenstein;14;0,488279302
Liechtenstein;15;0,433668342
Liechtenstein;16;0,375661376
Liechtenstein;17;0,277717391
Liechtenstein;18;0,259217877
Liechtenstein;19;0,189830508
Liechtenstein;20;0,152362584
Liechtenstein;21;0,131234867
Liechtenstein;22;0,119772845
Liechtenstein;23;0,104036384
Liechtenstein;24;0,073213248
Liechtenstein;25;0,053769725
Liechtenstein;26;0,050029429
Liechtenstein;27;0,026737968
Liechtenstein;28;0,034213685
Liechtenstein;29;0,029250457
Liechtenstein;30;0,033436533
Liechtenstein;31;0,027586207
Liechtenstein;32;0,030051151
Liechtenstein;33;0,021304067
Liechtenstein;34;0,025607354
Liechtenstein;35;0,023904382
Liechtenstein;36;0,01344086
Liechtenstein;37;0,006821282
Liechtenstein;38;0,013040494
Liechtenstein;39;0,02137931
Liechtenstein;40;0,016016713
Liechtenstein;41;0,011544012
Liechtenstein;42;0,014104372
Liechtenstein;43;0,013649425
Liechtenstein;44;0,01988218
Liechtenstein;45;0,015813253
Lithuania;1;0,942027783
Lithuania;2;0,714090418
Lithuania;3;0,48140711
Lithuania;4;0,563162887
Lithuania;5;0,862886789
Lithuania;6;1,146539712
Lithuania;7;1,455334254
Lithuania;8;1,773299748
Lithuania;9;2,094668419
Lithuania;10;2,719641536
Lithuania;11;3,36539252
Lithuania;12;3,855372525
Lithuania;13;6,318193225
Lithuania;14;8,076114438
Lithuania;15;4,056488275
Lithuania;16;4,836989725
Lithuania;17;6,998875931
Lithuania;18;8,8358651
Lithuania;19;8,740861688
Lithuania;20;8,743338194
Lithuania;21;4,06239906
Lithuania;22;3,133090909
Lithuania;23;2,673694852
Lithuania;24;2,357619218
Lithuania;25;1,767122312
Lithuania;26;1,162567147
Lithuania;27;0,836197825
Lithuania;28;0,568116951
Lithuania;29;0,429814866
Lithuania;30;0,275710559
Lithuania;31;0,271588887
Lithuania;32;0,191957251
Lithuania;33;0,11397185
Lithuania;34;0,067425811
Lithuania;35;0,048765174
Lithuania;36;0,028339796
Lithuania;37;0,012322815
Lithuania;38;0,005246514
Lithuania;39;0,002753623
Lithuania;40;0,001680672
Lithuania;41;0,001031004
Lithuania;42;0,000815177
Lithuania;43;0,000446994
Lithuania;44;0,000373888
Lithuania;45;0,000376534
Luxembourg;1;0,890246101
Luxembourg;2;0,878156188
Luxembourg;3;0,81909904
Luxembourg;4;0,71873284
Luxembourg;5;0,624519185
Luxembourg;6;0,557129012
Luxembourg;7;0,489445484
Luxembourg;8;0,436567389
Luxembourg;9;0,371246568
Luxembourg;10;0,320211119
Luxembourg;11;0,291674185
Luxembourg;12;0,259662953
Luxembourg;13;0,223954807
Luxembourg;14;0,182031742
Luxembourg;15;0,154016987
Luxembourg;16;0,130043079
Luxembourg;17;0,113815776
Luxembourg;18;0,095783058
Luxembourg;19;0,08519028
Luxembourg;20;0,069050526
Luxembourg;21;0,049774706
Luxembourg;22;0,045732289
Luxembourg;23;0,039628422
Luxembourg;24;0,033734135
Luxembourg;25;0,030078299
Luxembourg;26;0,028399053
Luxembourg;27;0,025081166
Luxembourg;28;0,02223446
Luxembourg;29;0,020147772
Luxembourg;30;0,020142497
Luxembourg;31;0,017659744
Luxembourg;32;0,020259781
Luxembourg;33;0,016229422
Luxembourg;34;0,015422342
Luxembourg;35;0,01218616
Luxembourg;36;0,012317961
Luxembourg;37;0,010706345
Luxembourg;38;0,009651362
Luxembourg;39;0,010459935
Luxembourg;40;0,008993642
Luxembourg;41;0,007649513
Luxembourg;42;0,008912656
Luxembourg;43;0,012546061
Luxembourg;44;0,01138647
Luxembourg;45;0,009799662
Latvia;1;0,930999181
Latvia;2;0,886661808
Latvia;3;0,887743537
Latvia;4;0,955135292
Latvia;5;1,07727939
Latvia;6;1,042342557
Latvia;7;1,243299979
Latvia;8;1,415015562
Latvia;9;1,666636995
Latvia;10;2,032020809
Latvia;11;2,296267087
Latvia;12;3,627478101
Latvia;13;5,003004131
Latvia;14;2,395795523
Latvia;15;1,953029106
Latvia;16;2,261817347
Latvia;17;3,240328547
Latvia;18;5,085143543
Latvia;19;5,889207115
Latvia;20;5,331946371
Latvia;21;4,521674877
Latvia;22;4,498237959
Latvia;23;4,415806337
Latvia;24;2,698798711
Latvia;25;2,883990203
Latvia;26;0,935333761
Latvia;27;0,709214801
Latvia;28;0,614862757
Latvia;29;0,391417625
Latvia;30;0,364944898
Latvia;31;0,2933065
Latvia;32;0,201024803
Latvia;33;0,16024974
Latvia;34;0,136984246
Latvia;35;0,103921717
Latvia;36;0,073277182
Latvia;37;0,063063758
Latvia;38;0,047087115
Latvia;39;0,034819268
Latvia;40;0,024097331
Latvia;41;0,016703435
Latvia;42;0,014689622
Latvia;43;0,016700966
Latvia;44;0,011684286
Latvia;45;0,014475368
Malta;1;2,124511082
Malta;2;1,241924309
Malta;3;1,169459735
Malta;4;1,229466735
Malta;5;1,84911032
Malta;6;1,894223219
Malta;7;2,094186948
Malta;8;2,349904331
Malta;9;2,295989123
Malta;10;1,867604527
Malta;11;2,598797025
Malta;12;2,198686158
Malta;13;2,68573689
Malta;14;2,227540307
Malta;15;2,026902081
Malta;16;2,09369163
Malta;17;2,201130048
Malta;18;2,21839059
Malta;19;2,233402256
Malta;20;1,185370476
Malta;21;1,193512688
Malta;22;1,200844692
Malta;23;1,207800734
Malta;24;1,216491637
Malta;25;1,226269359
Malta;26;1,232551724
Malta;27;1,243331346
Malta;28;1,255812086
Malta;29;1,268545934
Malta;30;0,255831113
Malta;31;0,262723637
Malta;32;0,265292242
Malta;33;0,267854077
Malta;34;0,269647872
Malta;35;0,271583986
Malta;36;0,278865058
Malta;37;0,281252817
Malta;38;0,278989718
Malta;39;0,289404127
Malta;40;0,104641941
Malta;41;0,105552941
Malta;42;0,10686041
Malta;43;0,107707083
Malta;44;0,109095331
Malta;45;0,108541011
Netherlands;1;0,993417609
Netherlands;2;1,107733991
Netherlands;3;1,144879912
Netherlands;4;1,151762
Netherlands;5;1,144357069
Netherlands;6;1,13855891
Netherlands;7;1,045084879
Netherlands;8;1,106470599
Netherlands;9;1,070610211
Netherlands;10;1,006941929
Netherlands;11;0,98037286
Netherlands;12;0,98614804
Netherlands;13;0,984880023
Netherlands;14;0,800936037
Netherlands;15;0,743906405
Netherlands;16;0,739602768
Netherlands;17;0,654371491
Netherlands;18;0,580073778
Netherlands;19;0,487890023
Netherlands;20;0,390671256
Netherlands;21;0,286258196
Netherlands;22;0,216199845
Netherlands;23;0,149840791
Netherlands;24;0,103161422
Netherlands;25;0,078270105
Netherlands;26;0,055658811
Netherlands;27;0,039653844
Netherlands;28;0,030222648
Netherlands;29;0,027550557
Netherlands;30;0,024133585
Netherlands;31;0,022070076
Netherlands;32;0,017559041
Netherlands;33;0,013512996
Netherlands;34;0,012266481
Netherlands;35;0,01520307
Netherlands;36;0,02196571
Netherlands;37;0,017440617
Netherlands;38;0,016400407
Netherlands;39;0,017084523
Netherlands;40;0,015037188
Netherlands;41;0,013297015
Netherlands;42;0,01200876
Netherlands;43;0,013024751
Netherlands;44;0,012535729
Netherlands;45;0,012026812
Norway;1;1,00745422
Norway;2;1,049800219
Norway;3;1,022790962
Norway;4;1,028324399
Norway;5;1,035033092
Norway;6;1,042133723
Norway;7;1,086331842
Norway;8;1,0698534
Norway;9;1,094617695
Norway;10;1,10945371
Norway;11;1,115746865
Norway;12;1,097546848
Norway;13;1,085452242
Norway;14;1,04077131
Norway;15;0,979859902
Norway;16;0,943855117
Norway;17;0,791978673
Norway;18;0,690492455
Norway;19;0,564339809
Norway;20;0,454289289
Norway;21;0,343813917
Norway;22;0,298615675
Norway;23;0,205641897
Norway;24;0,160726243
Norway;25;0,10890345
Norway;26;0,090612349
Norway;27;0,086296435
Norway;28;0,075810831
Norway;29;0,078902371
Norway;30;0,085051546
Norway;31;0,092435581
Norway;32;0,075233033
Norway;33;0,037790967
Norway;34;0,039752465
Norway;35;0,050971983
Norway;36;0,063383016
Norway;37;0,053401782
Norway;38;0,036343195
Norway;39;0,037242754
Norway;40;0,03305854
Norway;41;0,025848567
Norway;42;0,025034187
Norway;43;0,032452921
Norway;44;0,033913043
Norway;45;0,036181538
Poland;1;0,760405869
Poland;2;0,894529435
Poland;3;0,943916285
Poland;4;0,994260081
Poland;5;1,158535382
Poland;6;1,26819474
Poland;7;1,431213466
Poland;8;1,526064283
Poland;9;1,657524844
Poland;10;2,050843542
Poland;11;2,348971081
Poland;12;2,156768137
Poland;13;2,777977699
Poland;14;3,058416617
Poland;15;3,843201995
Poland;16;4,666886191
Poland;17;5,125135865
Poland;18;3,836876265
Poland;19;3,607753435
Poland;20;3,207560451
Poland;21;2,904363275
Poland;22;2,897779713
Poland;23;2,893511721
Poland;24;2,177113567
Poland;25;1,524344104
Poland;26;1,135505761
Poland;27;0,820483859
Poland;28;0,618920387
Poland;29;0,451373111
Poland;30;0,392107002
Poland;31;0,341597912
Poland;32;0,214421345
Poland;33;0,142526488
Poland;34;0,110268508
Poland;35;0,081192185
Poland;36;0,057508922
Poland;37;0,041726443
Poland;38;0,03518634
Poland;39;0,0334306
Poland;40;0,025826931
Poland;41;0,026063576
Poland;42;0,026300143
Poland;43;0,026549412
Poland;44;0,026725147
Poland;45;0,026974662
Portugal;1;1,000027278
Portugal;2;1,005068183
Portugal;3;1,012059929
Portugal;4;1,066339066
Portugal;5;1,154666883
Portugal;6;1,22210968
Portugal;7;1,280426659
Portugal;8;1,351287581
Portugal;9;1,463760727
Portugal;10;1,446243272
Portugal;11;1,18781127
Portugal;12;1,061110514
Portugal;13;1,076670828
Portugal;14;1,061638604
Portugal;15;1,021212391
Portugal;16;1,00209551
Portugal;17;1,000910465
Portugal;18;1,032335753
Portugal;19;1,020269558
Portugal;20;0,983462484
Portugal;21;0,920653579
Portugal;22;0,949619138
Portugal;23;0,82546366
Portugal;24;0,73928534
Portugal;25;0,630970436
Portugal;26;0,507264467
Portugal;27;0,409860476
Portugal;28;0,337460715
Portugal;29;0,262079111
Portugal;30;0,20476077
Portugal;31;0,163633102
Portugal;32;0,140927538
Portugal;33;0,099471667
Portugal;34;0,085781449
Portugal;35;0,054162241
Portugal;36;0,040046227
Portugal;37;0,027473855
Portugal;38;0,016715119
Portugal;39;0,014152676
Portugal;40;0,012484641
Portugal;41;0,009673723
Portugal;42;0,006758175
Portugal;43;0,006199817
Portugal;44;0,005587116
Portugal;45;0,004659879
Romania;1;0,974977312
Romania;2;0,935470082
Romania;3;0,924972973
Romania;4;1,141469538
Romania;5;1,398317006
Romania;6;1,663779536
Romania;7;1,950849399
Romania;8;2,256646954
Romania;9;2,744544194
Romania;10;2,384116947
Romania;11;4,867100778
Romania;12;4,183504852
Romania;13;3,433480996
Romania;14;1,395116929
Romania;15;1,274491098
Romania;16;1,990580405
Romania;17;2,219041837
Romania;18;2,668543104
Romania;19;3,441459559
Romania;20;4,484317875
Romania;21;4,590502967
Romania;22;5,672116863
Romania;23;2,430773737
Romania;24;2,426716697
Romania;25;2,42073001
Romania;26;0,961481392
Romania;27;0
Romania;28;0
Romania;29;0
Romania;30;0
Romania;31;0
Romania;32;0
Romania;33;0
Romania;34;0
Romania;35;0
Romania;36;0
Romania;37;0
Romania;38;0
Romania;39;0
Romania;40;0
Romania;41;0
Romania;42;0
Romania;43;0
Romania;44;0
Romania;45;0
Slovakia;1;0,868855895
Slovakia;2;0,841141149
Slovakia;3;0,881520315
Slovakia;4;0,926933548
Slovakia;5;0,998772844
Slovakia;6;1,081121771
Slovakia;7;1,152478984
Slovakia;8;1,214594525
Slovakia;9;1,251516884
Slovakia;10;1,283429566
Slovakia;11;1,296639429
Slovakia;12;1,422735656
Slovakia;13;1,467858025
Slovakia;14;1,533008152
Slovakia;15;2,122880158
Slovakia;16;1,939298029
Slovakia;17;1,69754026
Slovakia;18;1,896986237
Slovakia;19;1,711417664
Slovakia;20;1,552990447
Slovakia;21;1,31583332
Slovakia;22;1,226857601
Slovakia;23;1,040719163
Slovakia;24;0,95201367
Slovakia;25;0,876510467
Slovakia;26;0,617158396
Slovakia;27;0,539118245
Slovakia;28;0,213496448
Slovakia;29;0,125023766
Slovakia;30;0,178769172
Slovakia;31;0,187416182
Slovakia;32;0,145832007
Slovakia;33;0,158860871
Slovakia;34;0,157319071
Slovakia;35;0,13030352
Slovakia;36;0,115948381
Slovakia;37;0,117902504
Slovakia;38;0,106907489
Slovakia;39;0,088809094
Slovakia;40;0,069081578
Slovakia;41;0,052954114
Slovakia;42;0,055014976
Slovakia;43;0,056845476
Slovakia;44;0,057185129
Slovakia;45;0,059412306
Slovenia;1;0,676490115
Slovenia;2;0,658296214
Slovenia;3;0,696383607
Slovenia;4;0,791623929
Slovenia;5;0,91332515
Slovenia;6;1,053188889
Slovenia;7;1,079063894
Slovenia;8;1,040092141
Slovenia;9;1,038933956
Slovenia;10;1,134615001
Slovenia;11;1,081288522
Slovenia;12;0,98096235
Slovenia;13;0,972546447
Slovenia;14;0,96992041
Slovenia;15;0,917441352
Slovenia;16;0,893917379
Slovenia;17;0,821561825
Slovenia;18;0,709398866
Slovenia;19;0,663479543
Slovenia;20;0,588251404
Slovenia;21;0,450430214
Slovenia;22;0,38186326
Slovenia;23;0,242373692
Slovenia;24;0,163756173
Slovenia;25;0,102175621
Slovenia;26;0,102007171
Slovenia;27;0,102048006
Slovenia;28;0,102051274
Slovenia;29;0,061042239
Slovenia;30;0
Slovenia;31;0
Slovenia;32;0
Slovenia;33;0
Slovenia;34;0
Slovenia;35;0
Slovenia;36;0
Slovenia;37;0
Slovenia;38;0
Slovenia;39;0
Slovenia;40;0
Slovenia;41;0
Slovenia;42;0
Slovenia;43;0
Slovenia;44;0
Slovenia;45;0
Sweden;1;0,729721469
Sweden;2;0,894111443
Sweden;3;0,860028199
Sweden;4;0,805141789
Sweden;5;0,81716057
Sweden;6;0,878273411
Sweden;7;0,861927281
Sweden;8;0,875110216
Sweden;9;0,862964557
Sweden;10;0,81356132
Sweden;11;0,836948824
Sweden;12;0,813248229
Sweden;13;0,706374644
Sweden;14;0,695517793
Sweden;15;0,672254473
Sweden;16;0,625899153
Sweden;17;0,579972366
Sweden;18;0,51490278
Sweden;19;0,443025811
Sweden;20;0,454540455
Sweden;21;0,469302177
Sweden;22;0,398311356
Sweden;23;0,391943749
Sweden;24;0,456619185
Sweden;25;0,280778468
Sweden;26;0
Sweden;27;0
Sweden;28;0
Sweden;29;0
Sweden;30;0
Sweden;31;0
Sweden;32;0
Sweden;33;0
Sweden;34;0
Sweden;35;0
Sweden;36;0
Sweden;37;0
Sweden;38;0
Sweden;39;0
Sweden;40;0
Sweden;41;0
Sweden;42;0
Sweden;43;0
Sweden;44;0
Sweden;45;0
United Kingdom;1;0,960351052
United Kingdom;2;0,946371746
United Kingdom;3;0,931004152
United Kingdom;4;0,904347543
United Kingdom;5;0,910018991
United Kingdom;6;0,910536263
United Kingdom;7;0,906382139
United Kingdom;8;0,898126335
United Kingdom;9;0,882105875
United Kingdom;10;0,852727093
United Kingdom;11;0,818310646
United Kingdom;12;0,782781674
United Kingdom;13;0,735979112
United Kingdom;14;0,625756263
United Kingdom;15;0,544427312
United Kingdom;16;0,442226908
United Kingdom;17;0,334007835
United Kingdom;18;0,244887299
United Kingdom;19;0,181897929
United Kingdom;20;0,124916007
United Kingdom;21;0,080440738
United Kingdom;22;0,055962371
United Kingdom;23;0,03776855
United Kingdom;24;0,02591331
United Kingdom;25;0,018961392
United Kingdom;26;0,012787618
United Kingdom;27;0,010042223
United Kingdom;28;0,007540435
United Kingdom;29;0,006588619
United Kingdom;30;0,006324031
United Kingdom;31;0,006833428
United Kingdom;32;0,005904206
United Kingdom;33;0,004423719
United Kingdom;34;0,003246736
United Kingdom;35;0,002699397
United Kingdom;36;0,002422463
United Kingdom;37;0,002214193
United Kingdom;38;0,001792737
United Kingdom;39;0,001775977
United Kingdom;40;0,001532291
United Kingdom;41;0,001819611
United Kingdom;42;0,003875898
United Kingdom;43;0,004014782
United Kingdom;44;0,004492843
United Kingdom;45;0,004363604
