geo country;time;new vehicle registrations
Austria;1970;277954,0
Austria;1971;278845,0
Austria;1972;280444,0
Austria;1973;282105,0
Austria;1974;283570,0
Austria;1975;283068,0
Austria;1976;282068,0
Austria;1977;282071,0
Austria;1978;282285,0
Austria;1979;281614,0
Austria;1980;281324,0
Austria;1981;281615,0
Austria;1982;282762,0
Austria;1983;282020,0
Austria;1984;281850,0
Austria;1985;281984,0
Austria;1986;282115,0
Austria;1987;282343,0
Austria;1988;282472,0
Austria;1989;276065,0
Austria;1990;288636,0
Austria;1991;303723,0
Austria;1992;320094,0
Austria;1993;285162,0
Austria;1994;273663,0
Austria;1995;279610,0
Austria;1996;307671,0
Austria;1997;275001,0
Austria;1998;295865,0
Austria;1999;314182,0
Austria;2000;309427,0
Austria;2001;293528,0
Austria;2002;279493,0
Austria;2003;300121,0
Austria;2004;311292,0
Austria;2005;309943,0
Austria;2006;308594,0
Austria;2007;298182,0
Austria;2008;293697,0
Austria;2009;319403,0
Austria;2010;328563,0
Austria;2011;356145,0
Austria;2012;336010,0
Austria;2013;319035,0
Austria;2014;303318,0
Austria;2015;308555,0
Austria;2016;329604,0
Austria;2017;353320,0
Austria;2018;341068,0
Austria;2019;329363,0
Austria;2020;248740,0
Austria;2021;239803,0
Belgium;1970;295701,0
Belgium;1971;308140,0
Belgium;1972;320579,0
Belgium;1973;333018,0
Belgium;1974;345457,0
Belgium;1975;357897,0
Belgium;1976;374340,0
Belgium;1977;390783,0
Belgium;1978;407226,0
Belgium;1979;423668,0
Belgium;1980;401611,0
Belgium;1981;352613,0
Belgium;1982;346303,0
Belgium;1983;341243,0
Belgium;1984;354051,0
Belgium;1985;361948,0
Belgium;1986;397156,0
Belgium;1987;408879,0
Belgium;1988;430520,0
Belgium;1989;443963,0
Belgium;1990;478219,0
Belgium;1991;462125,0
Belgium;1992;466195,0
Belgium;1993;375409,0
Belgium;1994;387348,0
Belgium;1995;358868,0
Belgium;1996;397359,0
Belgium;1997;396240,0
Belgium;1998;452129,0
Belgium;1999;489621,0
Belgium;2000;515204,0
Belgium;2001;488683,0
Belgium;2002;467569,0
Belgium;2003;458796,0
Belgium;2004;484757,0
Belgium;2005;480088,0
Belgium;2006;526141,0
Belgium;2007;524795,0
Belgium;2008;535947,0
Belgium;2009;476164,0
Belgium;2010;547347,0
Belgium;2011;572211,0
Belgium;2012;486737,0
Belgium;2013;486065,0
Belgium;2014;482939,0
Belgium;2015;501066,0
Belgium;2016;539519,0
Belgium;2017;546558,0
Belgium;2018;549632,0
Belgium;2019;550003,0
Belgium;2020;431491,0
Belgium;2021;383123,0
Bulgaria;1970;30399,0
Bulgaria;1971;30581,0
Bulgaria;1972;30735,0
Bulgaria;1973;30867,0
Bulgaria;1974;31057,0
Bulgaria;1975;31282,0
Bulgaria;1976;31359,0
Bulgaria;1977;31554,0
Bulgaria;1978;31686,0
Bulgaria;1979;31624,0
Bulgaria;1980;31771,0
Bulgaria;1981;31880,0
Bulgaria;1982;31984,0
Bulgaria;1983;32069,0
Bulgaria;1984;32144,0
Bulgaria;1985;32220,0
Bulgaria;1986;32143,0
Bulgaria;1987;32203,0
Bulgaria;1988;32238,0
Bulgaria;1989;32275,0
Bulgaria;1990;31487,0
Bulgaria;1991;31135,0
Bulgaria;1992;30870,0
Bulgaria;1993;30473,0
Bulgaria;1994;30383,0
Bulgaria;1995;30267,0
Bulgaria;1996;30113,0
Bulgaria;1997;29956,0
Bulgaria;1998;29749,0
Bulgaria;1999;29559,0
Bulgaria;2000;29417,0
Bulgaria;2001;29268,0
Bulgaria;2002;28260,0
Bulgaria;2003;28033,0
Bulgaria;2004;27816,0
Bulgaria;2005;27613,0
Bulgaria;2006;32481,0
Bulgaria;2007;41042,0
Bulgaria;2008;43758,0
Bulgaria;2009;24972,0
Bulgaria;2010;15646,0
Bulgaria;2011;19252,0
Bulgaria;2012;20986,0
Bulgaria;2013;20718,0
Bulgaria;2014;21186,0
Bulgaria;2015;24256,0
Bulgaria;2016;28216,0
Bulgaria;2017;33265,0
Bulgaria;2018;37506,0
Bulgaria;2019;39419,0
Bulgaria;2020;27214,0
Bulgaria;2021;24631,0
Cyprus;1970;13051,0
Cyprus;1971;13155,0
Cyprus;1972;13287,0
Cyprus;1973;13472,0
Cyprus;1974;13601,0
Cyprus;1975;10784,0
Cyprus;1976;10617,0
Cyprus;1977;10611,0
Cyprus;1978;10620,0
Cyprus;1979;10690,0
Cyprus;1980;10786,0
Cyprus;1981;10925,0
Cyprus;1982;11149,0
Cyprus;1983;11187,0
Cyprus;1984;11334,0
Cyprus;1985;11481,0
Cyprus;1986;11613,0
Cyprus;1987;11747,0
Cyprus;1988;11869,0
Cyprus;1989;11999,0
Cyprus;1990;12212,0
Cyprus;1991;12521,0
Cyprus;1992;12860,0
Cyprus;1993;13205,0
Cyprus;1994;13497,0
Cyprus;1995;13763,0
Cyprus;1996;13996,0
Cyprus;1997;14209,0
Cyprus;1998;14399,0
Cyprus;1999;14562,0
Cyprus;2000;14725,0
Cyprus;2001;14875,0
Cyprus;2002;15045,0
Cyprus;2003;9145,0
Cyprus;2004;19650,0
Cyprus;2005;19210,0
Cyprus;2006;20344,0
Cyprus;2007;25107,0
Cyprus;2008;24213,0
Cyprus;2009;15945,0
Cyprus;2010;15062,0
Cyprus;2011;14665,0
Cyprus;2012;10967,0
Cyprus;2013;7047,0
Cyprus;2014;8271,0
Cyprus;2015;10078,0
Cyprus;2016;12468,0
Cyprus;2017;13118,0
Cyprus;2018;13126,0
Cyprus;2019;12601,0
Cyprus;2020;9995,0
Cyprus;2021;10611,0
Czech Republic;1970;131276,0
Czech Republic;1971;129993,0
Czech Republic;1972;130448,0
Czech Republic;1973;131075,0
Czech Republic;1974;131896,0
Czech Republic;1975;132829,0
Czech Republic;1976;133755,0
Czech Republic;1977;134614,0
Czech Republic;1978;135367,0
Czech Republic;1979;136080,0
Czech Republic;1980;136699,0
Czech Republic;1981;136395,0
Czech Republic;1982;136603,0
Czech Republic;1983;136772,0
Czech Republic;1984;136843,0
Czech Republic;1985;136940,0
Czech Republic;1986;137026,0
Czech Republic;1987;137076,0
Czech Republic;1988;137161,0
Czech Republic;1989;137287,0
Czech Republic;1990;137314,0
Czech Republic;1991;136552,0
Czech Republic;1992;136657,0
Czech Republic;1993;84423,0
Czech Republic;1994;90765,0
Czech Republic;1995;112104,0
Czech Republic;1996;153962,0
Czech Republic;1997;171548,0
Czech Republic;1998;141155,0
Czech Republic;1999;146170,0
Czech Republic;2000;148685,0
Czech Republic;2001;152141,0
Czech Republic;2002;147754,0
Czech Republic;2003;149546,0
Czech Republic;2004;125768,0
Czech Republic;2005;127376,0
Czech Republic;2006;123987,0
Czech Republic;2007;132542,0
Czech Republic;2008;143661,0
Czech Republic;2009;161659,0
Czech Republic;2010;169236,0
Czech Republic;2011;173282,0
Czech Republic;2012;174009,0
Czech Republic;2013;164736,0
Czech Republic;2014;192314,0
Czech Republic;2015;230857,0
Czech Republic;2016;259693,0
Czech Republic;2017;271595,0
Czech Republic;2018;261437,0
Czech Republic;2019;249915,0
Czech Republic;2020;202971,0
Czech Republic;2021;206876,0
Germany;1970;2107123,0
Germany;1971;2106908,0
Germany;1972;2106693,0
Germany;1973;2106478,0
Germany;1974;2106263,0
Germany;1975;2106048,0
Germany;1976;2170076,0
Germany;1977;2234104,0
Germany;1978;2298132,0
Germany;1979;2623400,0
Germany;1980;2426187,0
Germany;1981;2330335,0
Germany;1982;2155537,0
Germany;1983;2426774,0
Germany;1984;2393939,0
Germany;1985;2379261,0
Germany;1986;2829438,0
Germany;1987;2915654,0
Germany;1988;2807939,0
Germany;1989;2831740,0
Germany;1990;3040783,0
Germany;1991;3485171,0
Germany;1992;3929558,0
Germany;1993;3194204,0
Germany;1994;3209224,0
Germany;1995;3314061,0
Germany;1996;3496320,0
Germany;1997;3528179,0
Germany;1998;3735987,0
Germany;1999;3802176,0
Germany;2000;3378343,0
Germany;2001;3341718,0
Germany;2002;3252898,0
Germany;2003;3236938,0
Germany;2004;3266826,0
Germany;2005;3342122,0
Germany;2006;3467961,0
Germany;2007;3148163,0
Germany;2008;3090040,0
Germany;2009;3807175,0
Germany;2010;2916260,0
Germany;2011;3173634,0
Germany;2012;3082504,0
Germany;2013;2952431,0
Germany;2014;3036773,0
Germany;2015;3206042,0
Germany;2016;3351607,0
Germany;2017;3441262,0
Germany;2018;3435778,0
Germany;2019;3607258,0
Germany;2020;2917678,0
Germany;2021;2622132,0
Denmark;1970;108634,0
Denmark;1971;110054,0
Denmark;1972;111474,0
Denmark;1973;112894,0
Denmark;1974;114314,0
Denmark;1975;115733,0
Denmark;1976;118578,0
Denmark;1977;121423,0
Denmark;1978;124268,0
Denmark;1979;127114,0
Denmark;1980;73961,0
Denmark;1981;71778,0
Denmark;1982;85512,0
Denmark;1983;116346,0
Denmark;1984;134478,0
Denmark;1985;157632,0
Denmark;1986;169492,0
Denmark;1987;124324,0
Denmark;1988;88770,0
Denmark;1989;78453,0
Denmark;1990;80837,0
Denmark;1991;83828,0
Denmark;1992;84518,0
Denmark;1993;82084,0
Denmark;1994;138994,0
Denmark;1995;135712,0
Denmark;1996;141926,0
Denmark;1997;152607,0
Denmark;1998;162238,0
Denmark;1999;144232,0
Denmark;2000;113633,0
Denmark;2001;96114,0
Denmark;2002;111598,0
Denmark;2003;96501,0
Denmark;2004;122543,0
Denmark;2005;148578,0
Denmark;2006;156719,0
Denmark;2007;162481,0
Denmark;2008;150663,0
Denmark;2009;112249,0
Denmark;2010;153614,0
Denmark;2011;169794,0
Denmark;2012;168936,0
Denmark;2013;180643,0
Denmark;2014;188409,0
Denmark;2015;206652,0
Denmark;2016;222473,0
Denmark;2017;221471,0
Denmark;2018;218476,0
Denmark;2019;225619,0
Denmark;2020;198979,0
Denmark;2021;186592,0
Spain;1970;865587,0
Spain;1971;877262,0
Spain;1972;886738,0
Spain;1973;896847,0
Spain;1974;906555,0
Spain;1975;916659,0
Spain;1976;926376,0
Spain;1977;936241,0
Spain;1978;945644,0
Spain;1979;954448,0
Spain;1980;962469,0
Spain;1981;969903,0
Spain;1982;976255,0
Spain;1983;981622,0
Spain;1984;985816,0
Spain;1985;989809,0
Spain;1986;992988,0
Spain;1987;995742,0
Spain;1988;998152,0
Spain;1989;999975,0
Spain;1990;988170,0
Spain;1991;886983,0
Spain;1992;982044,0
Spain;1993;743901,0
Spain;1994;909682,0
Spain;1995;834369,0
Spain;1996;910928,0
Spain;1997;1016383,0
Spain;1998;1192530,0
Spain;1999;1406246,0
Spain;2000;1381256,0
Spain;2001;1425573,0
Spain;2002;1331877,0
Spain;2003;1382109,0
Spain;2004;1517286,0
Spain;2005;1528877,0
Spain;2006;1634608,0
Spain;2007;1614835,0
Spain;2008;1161176,0
Spain;2009;952772,0
Spain;2010;982015,0
Spain;2011;808051,0
Spain;2012;699589,0
Spain;2013;722689,0
Spain;2014;855308,0
Spain;2015;1034232,0
Spain;2016;1147009,0
Spain;2017;1234932,0
Spain;2018;1321437,0
Spain;2019;1258249,0
Spain;2020;851210,0
Spain;2021;859482,0
Estonia;1970;12886,0
Estonia;1971;13047,0
Estonia;1972;13208,0
Estonia;1973;13344,0
Estonia;1974;13464,0
Estonia;1975;13577,0
Estonia;1976;13678,0
Estonia;1977;13772,0
Estonia;1978;13880,0
Estonia;1979;13962,0
Estonia;1980;14036,0
Estonia;1981;14132,0
Estonia;1982;14235,0
Estonia;1983;14337,0
Estonia;1984;14432,0
Estonia;1985;14525,0
Estonia;1986;14626,0
Estonia;1987;14742,0
Estonia;1988;14855,0
Estonia;1989;14927,0
Estonia;1990;14974,0
Estonia;1991;14947,0
Estonia;1992;14824,0
Estonia;1993;14409,0
Estonia;1994;14081,0
Estonia;1995;13806,0
Estonia;1996;4528,0
Estonia;1997;9448,0
Estonia;1998;8400,0
Estonia;1999;6864,0
Estonia;2000;10240,0
Estonia;2001;12822,0
Estonia;2002;14701,0
Estonia;2003;15824,0
Estonia;2004;16514,0
Estonia;2005;19643,0
Estonia;2006;25372,0
Estonia;2007;30916,0
Estonia;2008;24590,0
Estonia;2009;9948,0
Estonia;2010;10299,0
Estonia;2011;17071,0
Estonia;2012;19426,0
Estonia;2013;19695,0
Estonia;2014;21135,0
Estonia;2015;21064,0
Estonia;2016;23078,0
Estonia;2017;25625,0
Estonia;2018;26310,0
Estonia;2019;27584,0
Estonia;2020;19285,0
Estonia;2021;22626,0
Finland;1970;91772,0
Finland;1971;74997,0
Finland;1972;100914,0
Finland;1973;118078,0
Finland;1974;96163,0
Finland;1975;116995,0
Finland;1976;92240,0
Finland;1977;90058,0
Finland;1978;80699,0
Finland;1979;99546,0
Finland;1980;103140,0
Finland;1981;104946,0
Finland;1982;127976,0
Finland;1983;119444,0
Finland;1984;126996,0
Finland;1985;138286,0
Finland;1986;143183,0
Finland;1987;151432,0
Finland;1988;173519,0
Finland;1989;176767,0
Finland;1990;139041,0
Finland;1991;92485,0
Finland;1992;68547,0
Finland;1993;55836,0
Finland;1994;67201,0
Finland;1995;79890,0
Finland;1996;95830,0
Finland;1997;104507,0
Finland;1998;125751,0
Finland;1999;136324,0
Finland;2000;134603,0
Finland;2001;109428,0
Finland;2002;117034,0
Finland;2003;147405,0
Finland;2004;142642,0
Finland;2005;148161,0
Finland;2006;145700,0
Finland;2007;125608,0
Finland;2008;139669,0
Finland;2009;90574,0
Finland;2010;111968,0
Finland;2011;126123,0
Finland;2012;111251,0
Finland;2013;103450,0
Finland;2014;106236,0
Finland;2015;108812,0
Finland;2016;119000,0
Finland;2017;118999,0
Finland;2018;120881,0
Finland;2019;114578,0
Finland;2020;96740,0
Finland;2021;98826,0
France;1970;1296240,0
France;1971;1333454,0
France;1972;1370668,0
France;1973;1407882,0
France;1974;1445096,0
France;1975;1482310,0
France;1976;1605830,0
France;1977;1729350,0
France;1978;1852870,0
France;1979;1976391,0
France;1980;1873202,0
France;1981;1834646,0
France;1982;2056490,0
France;1983;2017617,0
France;1984;1757673,0
France;1985;1766328,0
France;1986;1911521,0
France;1987;2105180,0
France;1988;2217149,0
France;1989;2274307,0
France;1990;2309130,0
France;1991;2031274,0
France;1992;2105700,0
France;1993;1721222,0
France;1994;1972919,0
France;1995;1930504,0
France;1996;2132091,0
France;1997;1713030,0
France;1998;1943553,0
France;1999;2148423,0
France;2000;2133884,0
France;2001;2254732,0
France;2002;2145071,0
France;2003;2009246,0
France;2004;2013709,0
France;2005;2067789,0
France;2006;2000549,0
France;2007;2064543,0
France;2008;2050283,0
France;2009;2269011,0
France;2010;2210186,0
France;2011;2160928,0
France;2012;1857013,0
France;2013;1756952,0
France;2014;1765855,0
France;2015;1886229,0
France;2016;1984471,0
France;2017;2079515,0
France;2018;2138600,0
France;2019;2172967,0
France;2020;1631178,0
France;2021;1633180,0
Greece;1970;94012,0
Greece;1971;94275,0
Greece;1972;94830,0
Greece;1973;95508,0
Greece;1974;95697,0
Greece;1975;96213,0
Greece;1976;97507,0
Greece;1977;99246,0
Greece;1978;100083,0
Greece;1979;101847,0
Greece;1980;102617,0
Greece;1981;103865,0
Greece;1982;104476,0
Greece;1983;105154,0
Greece;1984;105699,0
Greece;1985;78534,0
Greece;1986;65166,0
Greece;1987;50501,0
Greece;1988;57666,0
Greece;1989;85645,0
Greece;1990;115396,0
Greece;1991;167655,0
Greece;1992;199004,0
Greece;1993;147789,0
Greece;1994;112567,0
Greece;1995;128137,0
Greece;1996;136856,0
Greece;1997;162030,0
Greece;1998;180046,0
Greece;1999;261573,0
Greece;2000;288502,0
Greece;2001;279521,0
Greece;2002;267440,0
Greece;2003;256489,0
Greece;2004;288483,0
Greece;2005;268984,0
Greece;2006;267480,0
Greece;2007;279723,0
Greece;2008;266887,0
Greece;2009;220192,0
Greece;2010;140722,0
Greece;2011;97539,0
Greece;2012;58299,0
Greece;2013;58659,0
Greece;2014;70810,0
Greece;2015;75497,0
Greece;2016;78790,0
Greece;2017;88001,0
Greece;2018;103322,0
Greece;2019;114007,0
Greece;2020;79597,0
Greece;2021;100274,0
Croatia;1970;44219,0
Croatia;1971;44397,0
Croatia;1972;44601,0
Croatia;1973;44785,0
Croatia;1974;44994,0
Croatia;1975;45197,0
Croatia;1976;45425,0
Croatia;1977;45676,0
Croatia;1978;45899,0
Croatia;1979;46108,0
Croatia;1980;46174,0
Croatia;1981;46208,0
Croatia;1982;46410,0
Croatia;1983;46665,0
Croatia;1984;46892,0
Croatia;1985;47107,0
Croatia;1986;47317,0
Croatia;1987;47509,0
Croatia;1988;47684,0
Croatia;1989;47820,0
Croatia;1990;47926,0
Croatia;1991;48023,0
Croatia;1992;46152,0
Croatia;1993;45749,0
Croatia;1994;46647,0
Croatia;1995;46785,0
Croatia;1996;46004,0
Croatia;1997;45521,0
Croatia;1998;45559,0
Croatia;1999;45465,0
Croatia;2000;45167,0
Croatia;2001;43135,0
Croatia;2002;43236,0
Croatia;2003;43235,0
Croatia;2004;43238,0
Croatia;2005;43290,0
Croatia;2006;43306,0
Croatia;2007;43317,0
Croatia;2008;88265,0
Croatia;2009;44918,0
Croatia;2010;38587,0
Croatia;2011;41561,0
Croatia;2012;31360,0
Croatia;2013;27802,0
Croatia;2014;33962,0
Croatia;2015;35715,0
Croatia;2016;44106,0
Croatia;2017;50769,0
Croatia;2018;60041,0
Croatia;2019;62938,0
Croatia;2020;36084,0
Croatia;2021;45289,0
Hungary;1970;163952,0
Hungary;1971;164454,0
Hungary;1972;164893,0
Hungary;1973;165438,0
Hungary;1974;165960,0
Hungary;1975;166920,0
Hungary;1976;167923,0
Hungary;1977;168767,0
Hungary;1978;169491,0
Hungary;1979;169936,0
Hungary;1980;170105,0
Hungary;1981;170158,0
Hungary;1982;170128,0
Hungary;1983;169957,0
Hungary;1984;169617,0
Hungary;1985;169278,0
Hungary;1986;169002,0
Hungary;1987;168702,0
Hungary;1988;168435,0
Hungary;1989;168185,0
Hungary;1990;164790,0
Hungary;1991;164763,0
Hungary;1992;164771,0
Hungary;1993;164634,0
Hungary;1994;164395,0
Hungary;1995;164184,0
Hungary;1996;163938,0
Hungary;1997;163621,0
Hungary;1998;163279,0
Hungary;1999;129204,0
Hungary;2000;134246,0
Hungary;2001;146870,0
Hungary;2002;171307,0
Hungary;2003;206202,0
Hungary;2004;212076,0
Hungary;2005;202303,0
Hungary;2006;182099,0
Hungary;2007;171793,0
Hungary;2008;153346,0
Hungary;2009;60376,0
Hungary;2010;43496,0
Hungary;2011;45106,0
Hungary;2012;53057,0
Hungary;2013;56157,0
Hungary;2014;67746,0
Hungary;2015;77179,0
Hungary;2016;96594,0
Hungary;2017;116265,0
Hungary;2018;136601,0
Hungary;2019;157906,0
Hungary;2020;128031,0
Hungary;2021;121920,0
Ireland;1970;52947,0
Ireland;1971;51803,0
Ireland;1972;62603,0
Ireland;1973;74789,0
Ireland;1974;61022,0
Ireland;1975;53066,0
Ireland;1976;69514,0
Ireland;1977;82310,0
Ireland;1978;105582,0
Ireland;1979;95910,0
Ireland;1980;91728,0
Ireland;1981;104645,0
Ireland;1982;73330,0
Ireland;1983;61094,0
Ireland;1984;55893,0
Ireland;1985;59592,0
Ireland;1986;58760,0
Ireland;1987;54341,0
Ireland;1988;61888,0
Ireland;1989;78383,0
Ireland;1990;83420,0
Ireland;1991;68533,0
Ireland;1992;67861,0
Ireland;1993;60792,0
Ireland;1994;77773,0
Ireland;1995;82730,0
Ireland;1996;109333,0
Ireland;1997;125818,0
Ireland;1998;138538,0
Ireland;1999;170322,0
Ireland;2000;225269,0
Ireland;2001;160908,0
Ireland;2002;150485,0
Ireland;2003;142992,0
Ireland;2004;149635,0
Ireland;2005;166270,0
Ireland;2006;173273,0
Ireland;2007;180754,0
Ireland;2008;146470,0
Ireland;2009;54432,0
Ireland;2010;84907,0
Ireland;2011;86932,0
Ireland;2012;76256,0
Ireland;2013;71348,0
Ireland;2014;92361,0
Ireland;2015;121110,0
Ireland;2016;141931,0
Ireland;2017;127045,0
Ireland;2018;121157,0
Ireland;2019;113305,0
Ireland;2020;84309,0
Ireland;2021;101853,0
Italy;1970;1363594,0
Italy;1971;1434529,0
Italy;1972;1470394,0
Italy;1973;1449100,0
Italy;1974;1280710,0
Italy;1975;1050947,0
Italy;1976;1187621,0
Italy;1977;1219172,0
Italy;1978;1194424,0
Italy;1979;1397039,0
Italy;1980;1530488,0
Italy;1981;1808476,0
Italy;1982;1851174,0
Italy;1983;1451512,0
Italy;1984;1572402,0
Italy;1985;1653217,0
Italy;1986;1769191,0
Italy;1987;1929568,0
Italy;1988;2119193,0
Italy;1989;2296784,0
Italy;1990;2283362,0
Italy;1991;2220321,0
Italy;1992;2389395,0
Italy;1993;1695264,0
Italy;1994;1683652,0
Italy;1995;1737108,0
Italy;1996;1723117,0
Italy;1997;2393607,0
Italy;1998;2363995,0
Italy;1999;2322430,0
Italy;2000;2411990,0
Italy;2001;2418226,0
Italy;2002;2302870,0
Italy;2003;2254317,0
Italy;2004;2272807,0
Italy;2005;2244108,0
Italy;2006;2335462,0
Italy;2007;2494115,0
Italy;2008;2161359,0
Italy;2009;2159924,0
Italy;2010;1962042,0
Italy;2011;1749469,0
Italy;2012;1403263,0
Italy;2013;1304842,0
Italy;2014;1360777,0
Italy;2015;1575954,0
Italy;2016;1826131,0
Italy;2017;1971646,0
Italy;2018;1911056,0
Italy;2019;1917106,0
Italy;2020;1381855,0
Italy;2021;1458313,0
Lithuania;1970;12298,0
Lithuania;1971;12462,0
Lithuania;1972;12609,0
Lithuania;1973;12735,0
Lithuania;1974;12852,0
Lithuania;1975;12967,0
Lithuania;1976;13071,0
Lithuania;1977;13180,0
Lithuania;1978;13279,0
Lithuania;1979;13373,0
Lithuania;1980;13423,0
Lithuania;1981;13494,0
Lithuania;1982;13579,0
Lithuania;1983;13685,0
Lithuania;1984;13800,0
Lithuania;1985;13914,0
Lithuania;1986;14039,0
Lithuania;1987;14185,0
Lithuania;1988;14334,0
Lithuania;1989;14490,0
Lithuania;1990;14565,0
Lithuania;1991;14597,0
Lithuania;1992;14614,0
Lithuania;1993;14566,0
Lithuania;1994;14476,0
Lithuania;1995;14365,0
Lithuania;1996;14255,0
Lithuania;1997;14148,0
Lithuania;1998;14046,0
Lithuania;1999;13945,0
Lithuania;2000;13849,0
Lithuania;2001;13750,0
Lithuania;2002;13622,0
Lithuania;2003;7543,0
Lithuania;2004;9493,0
Lithuania;2005;10467,0
Lithuania;2006;14234,0
Lithuania;2007;21606,0
Lithuania;2008;22217,0
Lithuania;2009;7515,0
Lithuania;2010;7970,0
Lithuania;2011;13234,0
Lithuania;2012;12165,0
Lithuania;2013;12163,0
Lithuania;2014;14461,0
Lithuania;2015;17071,0
Lithuania;2016;20284,0
Lithuania;2017;25836,0
Lithuania;2018;32382,0
Lithuania;2019;46388,0
Lithuania;2020;40338,0
Lithuania;2021;31454,0
Luxembourg;1970;11633,0
Luxembourg;1971;13794,0
Luxembourg;1972;14988,0
Luxembourg;1973;15948,0
Luxembourg;1974;16581,0
Luxembourg;1975;17356,0
Luxembourg;1976;19036,0
Luxembourg;1977;20715,0
Luxembourg;1978;22395,0
Luxembourg;1979;22796,0
Luxembourg;1980;22440,0
Luxembourg;1981;23008,0
Luxembourg;1982;25796,0
Luxembourg;1983;26482,0
Luxembourg;1984;28597,0
Luxembourg;1985;29235,0
Luxembourg;1986;32960,0
Luxembourg;1987;32660,0
Luxembourg;1988;33847,0
Luxembourg;1989;34382,0
Luxembourg;1990;38648,0
Luxembourg;1991;44055,0
Luxembourg;1992;37334,0
Luxembourg;1993;30723,0
Luxembourg;1994;29054,0
Luxembourg;1995;28029,0
Luxembourg;1996;30001,0
Luxembourg;1997;31418,0
Luxembourg;1998;35928,0
Luxembourg;1999;40476,0
Luxembourg;2000;41896,0
Luxembourg;2001;42833,0
Luxembourg;2002;43403,0
Luxembourg;2003;43620,0
Luxembourg;2004;48234,0
Luxembourg;2005;48517,0
Luxembourg;2006;50837,0
Luxembourg;2007;51332,0
Luxembourg;2008;52359,0
Luxembourg;2009;47264,0
Luxembourg;2010;49726,0
Luxembourg;2011;49881,0
Luxembourg;2012;50398,0
Luxembourg;2013;46624,0
Luxembourg;2014;49793,0
Luxembourg;2015;46473,0
Luxembourg;2016;50561,0
Luxembourg;2017;52775,0
Luxembourg;2018;52811,0
Luxembourg;2019;55008,0
Luxembourg;2020;45189,0
Luxembourg;2021;44372,0
Latvia;1970;11870,0
Latvia;1971;11944,0
Latvia;1972;12044,0
Latvia;1973;12138,0
Latvia;1974;12247,0
Latvia;1975;12354,0
Latvia;1976;12439,0
Latvia;1977;12504,0
Latvia;1978;12581,0
Latvia;1979;12634,0
Latvia;1980;12662,0
Latvia;1981;12692,0
Latvia;1982;12740,0
Latvia;1983;12809,0
Latvia;1984;12891,0
Latvia;1985;12971,0
Latvia;1986;13060,0
Latvia;1987;13183,0
Latvia;1988;13330,0
Latvia;1989;13454,0
Latvia;1990;13466,0
Latvia;1991;13416,0
Latvia;1992;13339,0
Latvia;1993;13050,0
Latvia;1994;12824,0
Latvia;1995;12621,0
Latvia;1996;12464,0
Latvia;1997;4491,0
Latvia;1998;6826,0
Latvia;1999;5618,0
Latvia;2000;5959,0
Latvia;2001;6090,0
Latvia;2002;6489,0
Latvia;2003;6634,0
Latvia;2004;9161,0
Latvia;2005;15949,0
Latvia;2006;26148,0
Latvia;2007;32914,0
Latvia;2008;19836,0
Latvia;2009;5326,0
Latvia;2010;6507,0
Latvia;2011;11412,0
Latvia;2012;11149,0
Latvia;2013;11234,0
Latvia;2014;13173,0
Latvia;2015;14291,0
Latvia;2016;16768,0
Latvia;2017;17055,0
Latvia;2018;17185,0
Latvia;2019;18529,0
Latvia;2020;13720,0
Latvia;2021;14652,0
Malta;1970;4078,0
Malta;1971;4082,0
Malta;1972;4079,0
Malta;1973;4076,0
Malta;1974;4073,0
Malta;1975;4070,0
Malta;1976;4133,0
Malta;1977;4112,0
Malta;1978;4165,0
Malta;1979;4198,0
Malta;1980;4250,0
Malta;1981;4287,0
Malta;1982;4313,0
Malta;1983;4474,0
Malta;1984;4438,0
Malta;1985;4476,0
Malta;1986;4596,0
Malta;1987;4629,0
Malta;1988;4660,0
Malta;1989;4705,0
Malta;1990;4751,0
Malta;1991;4879,0
Malta;1992;4931,0
Malta;1993;4981,0
Malta;1994;5031,0
Malta;1995;5075,0
Malta;1996;5101,0
Malta;1997;5142,0
Malta;1998;5179,0
Malta;1999;5209,0
Malta;2000;5241,0
Malta;2001;5277,0
Malta;2002;5320,0
Malta;2003;5356,0
Malta;2004;5398,0
Malta;2005;5675,0
Malta;2006;5862,0
Malta;2007;5334,0
Malta;2008;4424,0
Malta;2009;5404,0
Malta;2010;4572,0
Malta;2011;6362,0
Malta;2012;5884,0
Malta;2013;5749,0
Malta;2014;6451,0
Malta;2015;7132,0
Malta;2016;7306,0
Malta;2017;7776,0
Malta;2018;8175,0
Malta;2019;7698,0
Malta;2020;4602,0
Malta;2021;5250,0
Netherlands;1970;432231,0
Netherlands;1971;402708,0
Netherlands;1972;432083,0
Netherlands;1973;429931,0
Netherlands;1974;404312,0
Netherlands;1975;480000,0
Netherlands;1976;508451,0
Netherlands;1977;551102,0
Netherlands;1978;581458,0
Netherlands;1979;575059,0
Netherlands;1980;451587,0
Netherlands;1981;390990,0
Netherlands;1982;406991,0
Netherlands;1983;459129,0
Netherlands;1984;461391,0
Netherlands;1985;495682,0
Netherlands;1986;560510,0
Netherlands;1987;555743,0
Netherlands;1988;482616,0
Netherlands;1989;496115,0
Netherlands;1990;502704,0
Netherlands;1991;490755,0
Netherlands;1992;491970,0
Netherlands;1993;391934,0
Netherlands;1994;433913,0
Netherlands;1995;446388,0
Netherlands;1996;473474,0
Netherlands;1997;478318,0
Netherlands;1998;543110,0
Netherlands;1999;611776,0
Netherlands;2000;597623,0
Netherlands;2001;530287,0
Netherlands;2002;510744,0
Netherlands;2003;488977,0
Netherlands;2004;483885,0
Netherlands;2005;465196,0
Netherlands;2006;483999,0
Netherlands;2007;504300,0
Netherlands;2008;499980,0
Netherlands;2009;387699,0
Netherlands;2010;482531,0
Netherlands;2011;555812,0
Netherlands;2012;502454,0
Netherlands;2013;417036,0
Netherlands;2014;387553,0
Netherlands;2015;448931,0
Netherlands;2016;382516,0
Netherlands;2017;414306,0
Netherlands;2018;443530,0
Netherlands;2019;445217,0
Netherlands;2020;355431,0
Netherlands;2021;322831,0
Norway;1970;78958,0
Norway;1971;79471,0
Norway;1972;80073,0
Norway;1973;80696,0
Norway;1974;81202,0
Norway;1975;81703,0
Norway;1976;82103,0
Norway;1977;82473,0
Norway;1978;82800,0
Norway;1979;83105,0
Norway;1980;83366,0
Norway;1981;83641,0
Norway;1982;83942,0
Norway;1983;84258,0
Norway;1984;84500,0
Norway;1985;84735,0
Norway;1986;85007,0
Norway;1987;85341,0
Norway;1988;85806,0
Norway;1989;86264,0
Norway;1990;61901,0
Norway;1991;54254,0
Norway;1992;59364,0
Norway;1993;60822,0
Norway;1994;85067,0
Norway;1995;90502,0
Norway;1996;124994,0
Norway;1997;127737,0
Norway;1998;117977,0
Norway;1999;101278,0
Norway;2000;97376,0
Norway;2001;91916,0
Norway;2002;88721,0
Norway;2003;89921,0
Norway;2004;115645,0
Norway;2005;109907,0
Norway;2006;109164,0
Norway;2007;129195,0
Norway;2008;110617,0
Norway;2009;98675,0
Norway;2010;127754,0
Norway;2011;138345,0
Norway;2012;137967,0
Norway;2013;142151,0
Norway;2014;144202,0
Norway;2015;150686,0
Norway;2016;154603,0
Norway;2017;158650,0
Norway;2018;147929,0
Norway;2019;142381,0
Norway;2020;141405,0
Norway;2021;176276,0
Poland;1970;245158,0
Poland;1971;245063,0
Poland;1972;246947,0
Poland;1973;249148,0
Poland;1974;251473,0
Poland;1975;253976,0
Poland;1976;256520,0
Poland;1977;259095,0
Poland;1978;261514,0
Poland;1979;263245,0
Poland;1980;265740,0
Poland;1981;268152,0
Poland;1982;270609,0
Poland;1983;273133,0
Poland;1984;275732,0
Poland;1985;278121,0
Poland;1986;280200,0
Poland;1987;281936,0
Poland;1988;283381,0
Poland;1989;284284,0
Poland;1990;285438,0
Poland;1991;286524,0
Poland;1992;287470,0
Poland;1993;288287,0
Poland;1994;288937,0
Poland;1995;289506,0
Poland;1996;289722,0
Poland;1997;289947,0
Poland;1998;290102,0
Poland;1999;290154,0
Poland;2000;287125,0
Poland;2001;287055,0
Poland;2002;286967,0
Poland;2003;286789,0
Poland;2004;286580,0
Poland;2005;207007,0
Poland;2006;224728,0
Poland;2007;277427,0
Poland;2008;319190,0
Poland;2009;276220,0
Poland;2010;315855,0
Poland;2011;277427,0
Poland;2012;272719,0
Poland;2013;289913,0
Poland;2014;327709,0
Poland;2015;354975,0
Poland;2016;416123,0
Poland;2017;486352,0
Poland;2018;531889,0
Poland;2019;555598,0
Poland;2020;428347,0
Poland;2021;446647,0
Portugal;1970;204834,0
Portugal;1971;204025,0
Portugal;1972;203106,0
Portugal;1973;203397,0
Portugal;1974;203232,0
Portugal;1975;209109,0
Portugal;1976;219204,0
Portugal;1977;221465,0
Portugal;1978;223908,0
Portugal;1979;226297,0
Portugal;1980;228760,0
Portugal;1981;231245,0
Portugal;1982;232766,0
Portugal;1983;234090,0
Portugal;1984;234937,0
Portugal;1985;235897,0
Portugal;1986;236227,0
Portugal;1987;236327,0
Portugal;1988;236100,0
Portugal;1989;235836,0
Portugal;1990;210924,0
Portugal;1991;228554,0
Portugal;1992;276972,0
Portugal;1993;242671,0
Portugal;1994;232916,0
Portugal;1995;201471,0
Portugal;1996;217910,0
Portugal;1997;213636,0
Portugal;1998;248398,0
Portugal;1999;272883,0
Portugal;2000;257836,0
Portugal;2001;255210,0
Portugal;2002;226092,0
Portugal;2003;189792,0
Portugal;2004;197645,0
Portugal;2005;206488,0
Portugal;2006;194702,0
Portugal;2007;201816,0
Portugal;2008;213389,0
Portugal;2009;161013,0
Portugal;2010;223464,0
Portugal;2011;153404,0
Portugal;2012;95309,0
Portugal;2013;105921,0
Portugal;2014;142826,0
Portugal;2015;178503,0
Portugal;2016;207330,0
Portugal;2017;222129,0
Portugal;2018;228327,0
Portugal;2019;223799,0
Portugal;2020;145417,0
Portugal;2021;146637,0
Romania;1970;146774,0
Romania;1971;148389,0
Romania;1972;149852,0
Romania;1973;151252,0
Romania;1974;152443,0
Romania;1975;154076,0
Romania;1976;156293,0
Romania;1977;157837,0
Romania;1978;159273,0
Romania;1979;160685,0
Romania;1980;161300,0
Romania;1981;162387,0
Romania;1982;163425,0
Romania;1983;164175,0
Romania;1984;164660,0
Romania;1985;165342,0
Romania;1986;166007,0
Romania;1987;166856,0
Romania;1988;167648,0
Romania;1989;168433,0
Romania;1990;169161,0
Romania;1991;169022,0
Romania;1992;166236,0
Romania;1993;166007,0
Romania;1994;165784,0
Romania;1995;165525,0
Romania;1996;165115,0
Romania;1997;164573,0
Romania;1998;164167,0
Romania;1999;163893,0
Romania;2000;70236,0
Romania;2001;86785,0
Romania;2002;88840,0
Romania;2003;115761,0
Romania;2004;149290,0
Romania;2005;179531,0
Romania;2006;200136,0
Romania;2007;312585,0
Romania;2008;285558,0
Romania;2009;116030,0
Romania;2010;95228,0
Romania;2011;81853,0
Romania;2012;66423,0
Romania;2013;57700,0
Romania;2014;70175,0
Romania;2015;81175,0
Romania;2016;95181,0
Romania;2017;106873,0
Romania;2018;130921,0
Romania;2019;161564,0
Romania;2020;126329,0
Romania;2021;121210,0
Slovakia;1970;53655,0
Slovakia;1971;53695,0
Slovakia;1972;54110,0
Slovakia;1973;54621,0
Slovakia;1974;55170,0
Slovakia;1975;55761,0
Slovakia;1976;56341,0
Slovakia;1977;56953,0
Slovakia;1978;57547,0
Slovakia;1979;58127,0
Slovakia;1980;58703,0
Slovakia;1981;59093,0
Slovakia;1982;59561,0
Slovakia;1983;60016,0
Slovakia;1984;60433,0
Slovakia;1985;60847,0
Slovakia;1986;61254,0
Slovakia;1987;61605,0
Slovakia;1988;61940,0
Slovakia;1989;62262,0
Slovakia;1990;62539,0
Slovakia;1991;62812,0
Slovakia;1992;62636,0
Slovakia;1993;62852,0
Slovakia;1994;63116,0
Slovakia;1995;63350,0
Slovakia;1996;63487,0
Slovakia;1997;63619,0
Slovakia;1998;63722,0
Slovakia;1999;63789,0
Slovakia;2000;63852,0
Slovakia;2001;63617,0
Slovakia;2002;63619,0
Slovakia;2003;57784,0
Slovakia;2004;57630,0
Slovakia;2005;59361,0
Slovakia;2006;65698,0
Slovakia;2007;60031,0
Slovakia;2008;56608,0
Slovakia;2009;74830,0
Slovakia;2010;64744,0
Slovakia;2011;68861,0
Slovakia;2012;69512,0
Slovakia;2013;65466,0
Slovakia;2014;71693,0
Slovakia;2015;78180,0
Slovakia;2016;88504,0
Slovakia;2017;96312,0
Slovakia;2018;98602,0
Slovakia;2019;101743,0
Slovakia;2020;76300,0
Slovakia;2021;75608,0
Slovenia;1970;53929,0
Slovenia;1971;54362,0
Slovenia;1972;54773,0
Slovenia;1973;55235,0
Slovenia;1974;55681,0
Slovenia;1975;55827,0
Slovenia;1976;56777,0
Slovenia;1977;57501,0
Slovenia;1978;58166,0
Slovenia;1979;58768,0
Slovenia;1980;59425,0
Slovenia;1981;59943,0
Slovenia;1982;59752,0
Slovenia;1983;60182,0
Slovenia;1984;60505,0
Slovenia;1985;60799,0
Slovenia;1986;61101,0
Slovenia;1987;62326,0
Slovenia;1988;62596,0
Slovenia;1989;62666,0
Slovenia;1990;62668,0
Slovenia;1991;62780,0
Slovenia;1992;62748,0
Slovenia;1993;62596,0
Slovenia;1994;62449,0
Slovenia;1995;62451,0
Slovenia;1996;62476,0
Slovenia;1997;62373,0
Slovenia;1998;67228,0
Slovenia;1999;77331,0
Slovenia;2000;55258,0
Slovenia;2001;52532,0
Slovenia;2002;51121,0
Slovenia;2003;60347,0
Slovenia;2004;63114,0
Slovenia;2005;61108,0
Slovenia;2006;60566,0
Slovenia;2007;68630,0
Slovenia;2008;71743,0
Slovenia;2009;57916,0
Slovenia;2010;61142,0
Slovenia;2011;60193,0
Slovenia;2012;50091,0
Slovenia;2013;52268,0
Slovenia;2014;54699,0
Slovenia;2015;60976,0
Slovenia;2016;65446,0
Slovenia;2017;73320,0
Slovenia;2018;75071,0
Slovenia;2019;73471,0
Slovenia;2020;53880,0
Slovenia;2021;54224,0
Sweden;1970;188625,0
Sweden;1971;190436,0
Sweden;1972;191242,0
Sweden;1973;191565,0
Sweden;1974;191902,0
Sweden;1975;192680,0
Sweden;1976;193433,0
Sweden;1977;194086,0
Sweden;1978;194812,0
Sweden;1979;195220,0
Sweden;1980;195664,0
Sweden;1981;196015,0
Sweden;1982;196134,0
Sweden;1983;196239,0
Sweden;1984;196312,0
Sweden;1985;196596,0
Sweden;1986;196961,0
Sweden;1987;197512,0
Sweden;1988;198280,0
Sweden;1989;199335,0
Sweden;1990;229941,0
Sweden;1991;188308,0
Sweden;1992;154173,0
Sweden;1993;124434,0
Sweden;1994;156375,0
Sweden;1995;169756,0
Sweden;1996;183820,0
Sweden;1997;225263,0
Sweden;1998;253430,0
Sweden;1999;295249,0
Sweden;2000;290529,0
Sweden;2001;246581,0
Sweden;2002;254589,0
Sweden;2003;261206,0
Sweden;2004;264246,0
Sweden;2005;274301,0
Sweden;2006;282766,0
Sweden;2007;306799,0
Sweden;2008;253982,0
Sweden;2009;213408,0
Sweden;2010;289684,0
Sweden;2011;304984,0
Sweden;2012;279899,0
Sweden;2013;269558,0
Sweden;2014;303948,0
Sweden;2015;345108,0
Sweden;2016;372318,0
Sweden;2017;379393,0
Sweden;2018;353729,0
Sweden;2019;356036,0
Sweden;2020;292024,0
Sweden;2021;301008,0
Austria;2022;229311,14307108827
Austria;2023;240925,4371187071
Austria;2024;252539,73109333176
Austria;2025;264154,02540859603
Austria;2026;275768,31923723227
Austria;2027;287382,61330918246
Austria;2028;298996,9071378187
Austria;2029;310611,20145308296
Austria;2030;322225,4952817192
Austria;2031;322225,4952817192
Austria;2032;322225,4952817192
Austria;2033;322225,4952817192
Austria;2034;322225,4952817192
Austria;2035;322225,4952817192
Austria;2036;322225,4952817192
Austria;2037;322225,4952817192
Austria;2038;322225,4952817192
Austria;2039;322225,4952817192
Austria;2040;322225,4952817192
Austria;2041;322225,4952817192
Austria;2042;322225,4952817192
Austria;2043;322225,4952817192
Austria;2044;322225,4952817192
Austria;2045;322225,4952817192
Austria;2046;322225,4952817192
Austria;2047;322225,4952817192
Austria;2048;322225,4952817192
Austria;2049;322225,4952817192
Austria;2050;322225,4952817192
Belgium;2022;366360,60877814103
Belgium;2023;384916,26979324874
Belgium;2024;403471,9306917367
Belgium;2025;422027,5921344501
Belgium;2026;440583,2527996986
Belgium;2027;459138,91385367955
Belgium;2028;477694,57451892813
Belgium;2029;496250,2359616415
Belgium;2030;514805,89662688994
Belgium;2031;514805,89662688994
Belgium;2032;514805,89662688994
Belgium;2033;514805,89662688994
Belgium;2034;514805,89662688994
Belgium;2035;514805,89662688994
Belgium;2036;514805,89662688994
Belgium;2037;514805,89662688994
Belgium;2038;514805,89662688994
Belgium;2039;514805,89662688994
Belgium;2040;514805,89662688994
Belgium;2041;514805,89662688994
Belgium;2042;514805,89662688994
Belgium;2043;514805,89662688994
Belgium;2044;514805,89662688994
Belgium;2045;514805,89662688994
Belgium;2046;514805,89662688994
Belgium;2047;514805,89662688994
Belgium;2048;514805,89662688994
Belgium;2049;514805,89662688994
Belgium;2050;514805,89662688994
Bulgaria;2022;23553,344891364894
Bulgaria;2023;24746,289419527177
Bulgaria;2024;25939,233940191967
Bulgaria;2025;27132,17849584504
Bulgaria;2026;28325,12300151486
Bulgaria;2027;29518,0675321763
Bulgaria;2028;30711,012037846118
Bulgaria;2029;31903,956593499195
Bulgaria;2030;33096,90109916901
Bulgaria;2031;33096,90109916901
Bulgaria;2032;33096,90109916901
Bulgaria;2033;33096,90109916901
Bulgaria;2034;33096,90109916901
Bulgaria;2035;33096,90109916901
Bulgaria;2036;33096,90109916901
Bulgaria;2037;33096,90109916901
Bulgaria;2038;33096,90109916901
Bulgaria;2039;33096,90109916901
Bulgaria;2040;33096,90109916901
Bulgaria;2041;33096,90109916901
Bulgaria;2042;33096,90109916901
Bulgaria;2043;33096,90109916901
Bulgaria;2044;33096,90109916901
Bulgaria;2045;33096,90109916901
Bulgaria;2046;33096,90109916901
Bulgaria;2047;33096,90109916901
Bulgaria;2048;33096,90109916901
Bulgaria;2049;33096,90109916901
Bulgaria;2050;33096,90109916901
Cyprus;2022;10146,747701769025
Cyprus;2023;10660,666519045222
Cyprus;2024;11174,58533309151
Cyprus;2025;11688,5041622107
Cyprus;2026;12202,422969797173
Cyprus;2027;12716,341788150005
Cyprus;2028;13230,260595736478
Cyprus;2029;13744,179424855667
Cyprus;2030;14258,09823244214
Cyprus;2031;14258,09823244214
Cyprus;2032;14258,09823244214
Cyprus;2033;14258,09823244214
Cyprus;2034;14258,09823244214
Cyprus;2035;14258,09823244214
Cyprus;2036;14258,09823244214
Cyprus;2037;14258,09823244214
Cyprus;2038;14258,09823244214
Cyprus;2039;14258,09823244214
Cyprus;2040;14258,09823244214
Cyprus;2041;14258,09823244214
Cyprus;2042;14258,09823244214
Cyprus;2043;14258,09823244214
Cyprus;2044;14258,09823244214
Cyprus;2045;14258,09823244214
Cyprus;2046;14258,09823244214
Cyprus;2047;14258,09823244214
Cyprus;2048;14258,09823244214
Cyprus;2049;14258,09823244214
Cyprus;2050;14258,09823244214
Czech Republic;2022;197824,76463586555
Czech Republic;2023;207844,316915842
Czech Republic;2024;217863,86913284697
Czech Republic;2025;227883,42164371887
Czech Republic;2026;237902,9737347809
Czech Republic;2027;247922,52603574784
Czech Republic;2028;257942,07812680988
Czech Republic;2029;267961,63063768175
Czech Republic;2030;277981,18272874376
Czech Republic;2031;277981,18272874376
Czech Republic;2032;277981,18272874376
Czech Republic;2033;277981,18272874376
Czech Republic;2034;277981,18272874376
Czech Republic;2035;277981,18272874376
Czech Republic;2036;277981,18272874376
Czech Republic;2037;277981,18272874376
Czech Republic;2038;277981,18272874376
Czech Republic;2039;277981,18272874376
Czech Republic;2040;277981,18272874376
Czech Republic;2041;277981,18272874376
Czech Republic;2042;277981,18272874376
Czech Republic;2043;277981,18272874376
Czech Republic;2044;277981,18272874376
Czech Republic;2045;277981,18272874376
Czech Republic;2046;277981,18272874376
Czech Republic;2047;277981,18272874376
Czech Republic;2048;277981,18272874376
Czech Republic;2049;277981,18272874376
Czech Republic;2050;277981,18272874376
Germany;2022;2507408,5236768466
Germany;2023;2634405,3172101676
Germany;2024;2761402,1099453312
Germany;2025;2888398,9064052273
Germany;2026;3015395,6975440774
Germany;2027;3142392,49134345
Germany;2028;3269389,2824823
Germany;2029;3396386,078942196
Germany;2030;3523382,8700810457
Germany;2031;3523382,8700810457
Germany;2032;3523382,8700810457
Germany;2033;3523382,8700810457
Germany;2034;3523382,8700810457
Germany;2035;3523382,8700810457
Germany;2036;3523382,8700810457
Germany;2037;3523382,8700810457
Germany;2038;3523382,8700810457
Germany;2039;3523382,8700810457
Germany;2040;3523382,8700810457
Germany;2041;3523382,8700810457
Germany;2042;3523382,8700810457
Germany;2043;3523382,8700810457
Germany;2044;3523382,8700810457
Germany;2045;3523382,8700810457
Germany;2046;3523382,8700810457
Germany;2047;3523382,8700810457
Germany;2048;3523382,8700810457
Germany;2049;3523382,8700810457
Germany;2050;3523382,8700810457
Denmark;2022;178428,22987168847
Denmark;2023;187465,37433999495
Denmark;2024;196502,51875150422
Denmark;2025;205539,66342806703
Denmark;2026;214576,80772598195
Denmark;2027;223613,9522132208
Denmark;2028;232651,09651113572
Denmark;2029;241688,24118769853
Denmark;2030;250725,3854856134
Denmark;2031;250725,3854856134
Denmark;2032;250725,3854856134
Denmark;2033;250725,3854856134
Denmark;2034;250725,3854856134
Denmark;2035;250725,3854856134
Denmark;2036;250725,3854856134
Denmark;2037;250725,3854856134
Denmark;2038;250725,3854856134
Denmark;2039;250725,3854856134
Denmark;2040;250725,3854856134
Denmark;2041;250725,3854856134
Denmark;2042;250725,3854856134
Denmark;2043;250725,3854856134
Denmark;2044;250725,3854856134
Denmark;2045;250725,3854856134
Denmark;2046;250725,3854856134
Denmark;2047;250725,3854856134
Denmark;2048;250725,3854856134
Denmark;2049;250725,3854856134
Denmark;2050;250725,3854856134
Spain;2022;821877,9576111437
Spain;2023;863504,9459166926
Spain;2024;905131,9339606217
Spain;2025;946758,9232254431
Spain;2026;988385,9107461327
Spain;2027;1030012,899138888
Spain;2028;1071639,8866595777
Spain;2029;1113266,8759243991
Spain;2030;1154893,8634450885
Spain;2031;1154893,8634450885
Spain;2032;1154893,8634450885
Spain;2033;1154893,8634450885
Spain;2034;1154893,8634450885
Spain;2035;1154893,8634450885
Spain;2036;1154893,8634450885
Spain;2037;1154893,8634450885
Spain;2038;1154893,8634450885
Spain;2039;1154893,8634450885
Spain;2040;1154893,8634450885
Spain;2041;1154893,8634450885
Spain;2042;1154893,8634450885
Spain;2043;1154893,8634450885
Spain;2044;1154893,8634450885
Spain;2045;1154893,8634450885
Spain;2046;1154893,8634450885
Spain;2047;1154893,8634450885
Spain;2048;1154893,8634450885
Spain;2049;1154893,8634450885
Spain;2050;1154893,8634450885
Estonia;2022;21636,067618530393
Estonia;2023;22731,904689465384
Estonia;2024;23827,741753513194
Estonia;2025;24923,57884970119
Estonia;2026;26019,415899974636
Estonia;2027;27115,25297320535
Estonia;2028;28211,090023478802
Estonia;2029;29306,927119666794
Estonia;2030;30402,764169940237
Estonia;2031;30402,764169940237
Estonia;2032;30402,764169940237
Estonia;2033;30402,764169940237
Estonia;2034;30402,764169940237
Estonia;2035;30402,764169940237
Estonia;2036;30402,764169940237
Estonia;2037;30402,764169940237
Estonia;2038;30402,764169940237
Estonia;2039;30402,764169940237
Estonia;2040;30402,764169940237
Estonia;2041;30402,764169940237
Estonia;2042;30402,764169940237
Estonia;2043;30402,764169940237
Estonia;2044;30402,764169940237
Estonia;2045;30402,764169940237
Estonia;2046;30402,764169940237
Estonia;2047;30402,764169940237
Estonia;2048;30402,764169940237
Estonia;2049;30402,764169940237
Estonia;2050;30402,764169940237
Finland;2022;94502,16646640522
Finland;2023;99288,5712384472
Finland;2024;104074,97598040728
Finland;2025;108861,38086274947
Finland;2026;113647,78554454581
Finland;2027;118434,19032661505
Finland;2028;123220,59500841139
Finland;2029;128006,99989075359
Finland;2030;132793,4045725499
Finland;2031;132793,4045725499
Finland;2032;132793,4045725499
Finland;2033;132793,4045725499
Finland;2034;132793,4045725499
Finland;2035;132793,4045725499
Finland;2036;132793,4045725499
Finland;2037;132793,4045725499
Finland;2038;132793,4045725499
Finland;2039;132793,4045725499
Finland;2040;132793,4045725499
Finland;2041;132793,4045725499
Finland;2042;132793,4045725499
Finland;2043;132793,4045725499
Finland;2044;132793,4045725499
Finland;2045;132793,4045725499
Finland;2046;132793,4045725499
Finland;2047;132793,4045725499
Finland;2048;132793,4045725499
Finland;2049;132793,4045725499
Finland;2050;132793,4045725499
France;2022;1561725,135385462
France;2023;1640824,3658066418
France;2024;1719923,595730694
France;2025;1799022,8279746745
France;2026;1878122,0569044717
France;2027;1957221,2874913602
France;2028;2036320,5164211574
France;2029;2115419,748665138
France;2030;2194518,977594935
France;2031;2194518,977594935
France;2032;2194518,977594935
France;2033;2194518,977594935
France;2034;2194518,977594935
France;2035;2194518,977594935
France;2036;2194518,977594935
France;2037;2194518,977594935
France;2038;2194518,977594935
France;2039;2194518,977594935
France;2040;2194518,977594935
France;2041;2194518,977594935
France;2042;2194518,977594935
France;2043;2194518,977594935
France;2044;2194518,977594935
France;2045;2194518,977594935
France;2046;2194518,977594935
France;2047;2194518,977594935
France;2048;2194518,977594935
France;2049;2194518,977594935
France;2050;2194518,977594935
Greece;2022;95886,81359411811
Greece;2023;100743,34883901052
Greece;2024;105599,88405338027
Greece;2025;110456,41941018902
Greece;2026;115312,9545635135
Greece;2027;120169,4898185801
Greece;2028;125026,02497190458
Greece;2029;129882,56032871333
Greece;2030;134739,09548203778
Greece;2031;134739,09548203778
Greece;2032;134739,09548203778
Greece;2033;134739,09548203778
Greece;2034;134739,09548203778
Greece;2035;134739,09548203778
Greece;2036;134739,09548203778
Greece;2037;134739,09548203778
Greece;2038;134739,09548203778
Greece;2039;134739,09548203778
Greece;2040;134739,09548203778
Greece;2041;134739,09548203778
Greece;2042;134739,09548203778
Greece;2043;134739,09548203778
Greece;2044;134739,09548203778
Greece;2045;134739,09548203778
Greece;2046;134739,09548203778
Greece;2047;134739,09548203778
Greece;2048;134739,09548203778
Greece;2049;134739,09548203778
Greece;2050;134739,09548203778
Croatia;2022;43307,51641366671
Croatia;2023;45500,982563475554
Croatia;2024;47694,44869949877
Croatia;2025;49887,914899854906
Croatia;2026;52081,381008306875
Croatia;2027;54274,84716271092
Croatia;2028;56468,313271162886
Croatia;2029;58661,779471519025
Croatia;2030;60855,24557997098
Croatia;2031;60855,24557997098
Croatia;2032;60855,24557997098
Croatia;2033;60855,24557997098
Croatia;2034;60855,24557997098
Croatia;2035;60855,24557997098
Croatia;2036;60855,24557997098
Croatia;2037;60855,24557997098
Croatia;2038;60855,24557997098
Croatia;2039;60855,24557997098
Croatia;2040;60855,24557997098
Croatia;2041;60855,24557997098
Croatia;2042;60855,24557997098
Croatia;2043;60855,24557997098
Croatia;2044;60855,24557997098
Croatia;2045;60855,24557997098
Croatia;2046;60855,24557997098
Croatia;2047;60855,24557997098
Croatia;2048;60855,24557997098
Croatia;2049;60855,24557997098
Croatia;2050;60855,24557997098
Hungary;2022;116585,75815659972
Hungary;2023;122490,66647837088
Hungary;2024;128395,57476303053
Hungary;2025;134300,48322087724
Hungary;2026;140205,39143131385
Hungary;2027;146110,2997654555
Hungary;2028;152015,20797589212
Hungary;2029;157920,11643373885
Hungary;2030;163825,02464417546
Hungary;2031;163825,02464417546
Hungary;2032;163825,02464417546
Hungary;2033;163825,02464417546
Hungary;2034;163825,02464417546
Hungary;2035;163825,02464417546
Hungary;2036;163825,02464417546
Hungary;2037;163825,02464417546
Hungary;2038;163825,02464417546
Hungary;2039;163825,02464417546
Hungary;2040;163825,02464417546
Hungary;2041;163825,02464417546
Hungary;2042;163825,02464417546
Hungary;2043;163825,02464417546
Hungary;2044;163825,02464417546
Hungary;2045;163825,02464417546
Hungary;2046;163825,02464417546
Hungary;2047;163825,02464417546
Hungary;2048;163825,02464417546
Hungary;2049;163825,02464417546
Hungary;2050;163825,02464417546
Ireland;2022;97396,72921197632
Ireland;2023;102329,73960647565
Ireland;2024;107262,7499699717
Ireland;2025;112195,7604781497
Ireland;2026;117128,7707796392
Ireland;2027;122061,78118447294
Ireland;2028;126994,79148596244
Ireland;2029;131927,80199414046
Ireland;2030;136860,81229562993
Ireland;2031;136860,81229562993
Ireland;2032;136860,81229562993
Ireland;2033;136860,81229562993
Ireland;2034;136860,81229562993
Ireland;2035;136860,81229562993
Ireland;2036;136860,81229562993
Ireland;2037;136860,81229562993
Ireland;2038;136860,81229562993
Ireland;2039;136860,81229562993
Ireland;2040;136860,81229562993
Ireland;2041;136860,81229562993
Ireland;2042;136860,81229562993
Ireland;2043;136860,81229562993
Ireland;2044;136860,81229562993
Ireland;2045;136860,81229562993
Ireland;2046;136860,81229562993
Ireland;2047;136860,81229562993
Ireland;2048;136860,81229562993
Ireland;2049;136860,81229562993
Ireland;2050;136860,81229562993
Italy;2022;1394508,9135057859
Italy;2023;1465138,872244689
Italy;2024;1535768,8305396927
Italy;2025;1606398,7909062267
Italy;2026;1677028,7483134319
Italy;2027;1747658,707200301
Italy;2028;1818288,6646075062
Italy;2029;1888918,6249740403
Italy;2030;1959548,5823812452
Italy;2031;1959548,5823812452
Italy;2032;1959548,5823812452
Italy;2033;1959548,5823812452
Italy;2034;1959548,5823812452
Italy;2035;1959548,5823812452
Italy;2036;1959548,5823812452
Italy;2037;1959548,5823812452
Italy;2038;1959548,5823812452
Italy;2039;1959548,5823812452
Italy;2040;1959548,5823812452
Italy;2041;1959548,5823812452
Italy;2042;1959548,5823812452
Italy;2043;1959548,5823812452
Italy;2044;1959548,5823812452
Italy;2045;1959548,5823812452
Italy;2046;1959548,5823812452
Italy;2047;1959548,5823812452
Italy;2048;1959548,5823812452
Italy;2049;1959548,5823812452
Italy;2050;1959548,5823812452
Lithuania;2022;30077,825107100456
Lithuania;2023;31601,2255857175
Lithuania;2024;33124,626054760185
Lithuania;2025;34648,02656848321
Lithuania;2026;36171,42701837719
Lithuania;2027;37694,827500185675
Lithuania;2028;39218,22795007965
Lithuania;2029;40741,62846380268
Lithuania;2030;42265,02891369664
Lithuania;2031;42265,02891369664
Lithuania;2032;42265,02891369664
Lithuania;2033;42265,02891369664
Lithuania;2034;42265,02891369664
Lithuania;2035;42265,02891369664
Lithuania;2036;42265,02891369664
Lithuania;2037;42265,02891369664
Lithuania;2038;42265,02891369664
Lithuania;2039;42265,02891369664
Lithuania;2040;42265,02891369664
Lithuania;2041;42265,02891369664
Lithuania;2042;42265,02891369664
Lithuania;2043;42265,02891369664
Lithuania;2044;42265,02891369664
Lithuania;2045;42265,02891369664
Lithuania;2046;42265,02891369664
Lithuania;2047;42265,02891369664
Lithuania;2048;42265,02891369664
Lithuania;2049;42265,02891369664
Lithuania;2050;42265,02891369664
Luxembourg;2022;42430,63698264963
Luxembourg;2023;44579,690395163
Luxembourg;2024;46728,743794169866
Luxembourg;2025;48877,797256207064
Luxembourg;2026;51026,85062820094
Luxembourg;2027;53175,90404521647
Luxembourg;2028;55324,957417210346
Luxembourg;2029;57474,010879247544
Luxembourg;2030;59623,06425124141
Luxembourg;2031;59623,06425124141
Luxembourg;2032;59623,06425124141
Luxembourg;2033;59623,06425124141
Luxembourg;2034;59623,06425124141
Luxembourg;2035;59623,06425124141
Luxembourg;2036;59623,06425124141
Luxembourg;2037;59623,06425124141
Luxembourg;2038;59623,06425124141
Luxembourg;2039;59623,06425124141
Luxembourg;2040;59623,06425124141
Luxembourg;2041;59623,06425124141
Luxembourg;2042;59623,06425124141
Luxembourg;2043;59623,06425124141
Luxembourg;2044;59623,06425124141
Luxembourg;2045;59623,06425124141
Luxembourg;2046;59623,06425124141
Luxembourg;2047;59623,06425124141
Luxembourg;2048;59623,06425124141
Luxembourg;2049;59623,06425124141
Luxembourg;2050;59623,06425124141
Latvia;2022;14010,945935945696
Latvia;2023;14720,581079733352
Latvia;2024;15430,21621906105
Latvia;2025;16139,851379201884
Latvia;2026;16849,48650960967
Latvia;2027;17559,121654883977
Latvia;2028;18268,75678529176
Latvia;2029;18978,391945432595
Latvia;2030;19688,027075840375
Latvia;2031;19688,027075840375
Latvia;2032;19688,027075840375
Latvia;2033;19688,027075840375
Latvia;2034;19688,027075840375
Latvia;2035;19688,027075840375
Latvia;2036;19688,027075840375
Latvia;2037;19688,027075840375
Latvia;2038;19688,027075840375
Latvia;2039;19688,027075840375
Latvia;2040;19688,027075840375
Latvia;2041;19688,027075840375
Latvia;2042;19688,027075840375
Latvia;2043;19688,027075840375
Latvia;2044;19688,027075840375
Latvia;2045;19688,027075840375
Latvia;2046;19688,027075840375
Latvia;2047;19688,027075840375
Latvia;2048;19688,027075840375
Latvia;2049;19688,027075840375
Latvia;2050;19688,027075840375
Malta;2022;5020,302085975628
Malta;2023;5274,573482705439
Malta;2024;5528,84487783719
Malta;2025;5783,116280426555
Malta;2026;6037,387672362187
Malta;2027;6291,659069624684
Malta;2028;6545,930461560316
Malta;2029;6800,201864149681
Malta;2030;7054,473256085311
Malta;2031;7054,473256085311
Malta;2032;7054,473256085311
Malta;2033;7054,473256085311
Malta;2034;7054,473256085311
Malta;2035;7054,473256085311
Malta;2036;7054,473256085311
Malta;2037;7054,473256085311
Malta;2038;7054,473256085311
Malta;2039;7054,473256085311
Malta;2040;7054,473256085311
Malta;2041;7054,473256085311
Malta;2042;7054,473256085311
Malta;2043;7054,473256085311
Malta;2044;7054,473256085311
Malta;2045;7054,473256085311
Malta;2046;7054,473256085311
Malta;2047;7054,473256085311
Malta;2048;7054,473256085311
Malta;2049;7054,473256085311
Malta;2050;7054,473256085311
Netherlands;2022;308706,5033747805
Netherlands;2023;324342,0632371961
Netherlands;2024;339977,6230013444
Netherlands;2025;355613,1832240734
Netherlands;2026;371248,7427916871
Netherlands;2027;386884,30268685834
Netherlands;2028;402519,86225447204
Netherlands;2029;418155,42247720103
Netherlands;2030;433790,9820448147
Netherlands;2031;433790,9820448147
Netherlands;2032;433790,9820448147
Netherlands;2033;433790,9820448147
Netherlands;2034;433790,9820448147
Netherlands;2035;433790,9820448147
Netherlands;2036;433790,9820448147
Netherlands;2037;433790,9820448147
Netherlands;2038;433790,9820448147
Netherlands;2039;433790,9820448147
Netherlands;2040;433790,9820448147
Netherlands;2041;433790,9820448147
Netherlands;2042;433790,9820448147
Netherlands;2043;433790,9820448147
Netherlands;2044;433790,9820448147
Netherlands;2045;433790,9820448147
Netherlands;2046;433790,9820448147
Netherlands;2047;433790,9820448147
Netherlands;2048;433790,9820448147
Netherlands;2049;433790,9820448147
Netherlands;2050;433790,9820448147
Norway;2022;168563,57533475044
Norway;2023;177101,08861664459
Norway;2024;185638,60184488163
Norway;2025;194176,11532351837
Norway;2026;202713,6284444413
Norway;2027;211251,1417442211
Norway;2028;219788,65486514402
Norway;2029;228326,16834378077
Norway;2030;236863,68146470367
Norway;2031;236863,68146470367
Norway;2032;236863,68146470367
Norway;2033;236863,68146470367
Norway;2034;236863,68146470367
Norway;2035;236863,68146470367
Norway;2036;236863,68146470367
Norway;2037;236863,68146470367
Norway;2038;236863,68146470367
Norway;2039;236863,68146470367
Norway;2040;236863,68146470367
Norway;2041;236863,68146470367
Norway;2042;236863,68146470367
Norway;2043;236863,68146470367
Norway;2044;236863,68146470367
Norway;2045;236863,68146470367
Norway;2046;236863,68146470367
Norway;2047;236863,68146470367
Norway;2048;236863,68146470367
Norway;2049;236863,68146470367
Norway;2050;236863,68146470367
Poland;2022;427105,30777042976
Poland;2023;448737,6042533212
Poland;2024;470369,9006002567
Poland;2025;492002,19758165325
Poland;2026;513634,49365667684
Poland;2027;535266,7901848869
Poland;2028;556899,0862599105
Poland;2029;578531,3832413071
Poland;2030;600163,6793163306
Poland;2031;600163,6793163306
Poland;2032;600163,6793163306
Poland;2033;600163,6793163306
Poland;2034;600163,6793163306
Poland;2035;600163,6793163306
Poland;2036;600163,6793163306
Poland;2037;600163,6793163306
Poland;2038;600163,6793163306
Poland;2039;600163,6793163306
Poland;2040;600163,6793163306
Poland;2041;600163,6793163306
Poland;2042;600163,6793163306
Poland;2043;600163,6793163306
Poland;2044;600163,6793163306
Poland;2045;600163,6793163306
Poland;2046;600163,6793163306
Poland;2047;600163,6793163306
Poland;2048;600163,6793163306
Poland;2049;600163,6793163306
Poland;2050;600163,6793163306
Portugal;2022;140221,34037737298
Portugal;2023;147323,3584349481
Portugal;2024;154425,37644788803
Portugal;2025;161527,3946691255
Portugal;2026;168629,41259279507
Portugal;2027;175731,43066524854
Portugal;2028;182833,4485889181
Portugal;2029;189935,46681015557
Portugal;2030;197037,4847338251
Portugal;2031;197037,4847338251
Portugal;2032;197037,4847338251
Portugal;2033;197037,4847338251
Portugal;2034;197037,4847338251
Portugal;2035;197037,4847338251
Portugal;2036;197037,4847338251
Portugal;2037;197037,4847338251
Portugal;2038;197037,4847338251
Portugal;2039;197037,4847338251
Portugal;2040;197037,4847338251
Portugal;2041;197037,4847338251
Portugal;2042;197037,4847338251
Portugal;2043;197037,4847338251
Portugal;2044;197037,4847338251
Portugal;2045;197037,4847338251
Portugal;2046;197037,4847338251
Portugal;2047;197037,4847338251
Portugal;2048;197037,4847338251
Portugal;2049;197037,4847338251
Portugal;2050;197037,4847338251
Romania;2022;115906,82206497254
Romania;2023;121777,34320737644
Romania;2024;127647,86431288492
Romania;2025;133518,38559057194
Romania;2026;139388,90662228965
Romania;2027;145259,427776992
Romania;2028;151129,94880870968
Romania;2029;157000,4700863967
Romania;2030;162870,99111811438
Romania;2031;162870,99111811438
Romania;2032;162870,99111811438
Romania;2033;162870,99111811438
Romania;2034;162870,99111811438
Romania;2035;162870,99111811438
Romania;2036;162870,99111811438
Romania;2037;162870,99111811438
Romania;2038;162870,99111811438
Romania;2039;162870,99111811438
Romania;2040;162870,99111811438
Romania;2041;162870,99111811438
Romania;2042;162870,99111811438
Romania;2043;162870,99111811438
Romania;2044;162870,99111811438
Romania;2045;162870,99111811438
Romania;2046;162870,99111811438
Romania;2047;162870,99111811438
Romania;2048;162870,99111811438
Romania;2049;162870,99111811438
Romania;2050;162870,99111811438
Slovakia;2022;72300,00002218006
Slovakia;2023;75961,89559626531
Slovakia;2024;79623,79114733606
Slovakia;2025;83285,68680580781
Slovakia;2026;86947,58231084957
Slovakia;2027;90609,4778926063
Slovakia;2028;94271,37339764806
Slovakia;2029;97933,26905611981
Slovakia;2030;101595,16456116155
Slovakia;2031;101595,16456116155
Slovakia;2032;101595,16456116155
Slovakia;2033;101595,16456116155
Slovakia;2034;101595,16456116155
Slovakia;2035;101595,16456116155
Slovakia;2036;101595,16456116155
Slovakia;2037;101595,16456116155
Slovakia;2038;101595,16456116155
Slovakia;2039;101595,16456116155
Slovakia;2040;101595,16456116155
Slovakia;2041;101595,16456116155
Slovakia;2042;101595,16456116155
Slovakia;2043;101595,16456116155
Slovakia;2044;101595,16456116155
Slovakia;2045;101595,16456116155
Slovakia;2046;101595,16456116155
Slovakia;2047;101595,16456116155
Slovakia;2048;101595,16456116155
Slovakia;2049;101595,16456116155
Slovakia;2050;101595,16456116155
Slovenia;2022;51851,592439989035
Slovenia;2023;54477,80429070852
Slovenia;2024;57104,01612492263
Slovenia;2025;59730,22803616181
Slovenia;2026;62356,43983736518
Slovenia;2027;64982,65169358645
Slovenia;2028;67608,86349478981
Slovenia;2029;70235,07540602899
Slovenia;2030;72861,28720723235
Slovenia;2031;72861,28720723235
Slovenia;2032;72861,28720723235
Slovenia;2033;72861,28720723235
Slovenia;2034;72861,28720723235
Slovenia;2035;72861,28720723235
Slovenia;2036;72861,28720723235
Slovenia;2037;72861,28720723235
Slovenia;2038;72861,28720723235
Slovenia;2039;72861,28720723235
Slovenia;2040;72861,28720723235
Slovenia;2041;72861,28720723235
Slovenia;2042;72861,28720723235
Slovenia;2043;72861,28720723235
Slovenia;2044;72861,28720723235
Slovenia;2045;72861,28720723235
Slovenia;2046;72861,28720723235
Slovenia;2047;72861,28720723235
Slovenia;2048;72861,28720723235
Slovenia;2049;72861,28720723235
Slovenia;2050;72861,28720723235
Sweden;2022;287838,30291340034
Sweden;2023;302416,91712041886
Sweden;2024;316995,53123581276
Sweden;2025;331574,1457787879
Sweden;2026;346152,7597109328
Sweden;2027;360731,37394849275
Sweden;2028;375309,98788063764
Sweden;2029;389888,6024236128
Sweden;2030;404467,21635575755
Sweden;2031;404467,21635575755
Sweden;2032;404467,21635575755
Sweden;2033;404467,21635575755
Sweden;2034;404467,21635575755
Sweden;2035;404467,21635575755
Sweden;2036;404467,21635575755
Sweden;2037;404467,21635575755
Sweden;2038;404467,21635575755
Sweden;2039;404467,21635575755
Sweden;2040;404467,21635575755
Sweden;2041;404467,21635575755
Sweden;2042;404467,21635575755
Sweden;2043;404467,21635575755
Sweden;2044;404467,21635575755
Sweden;2045;404467,21635575755
Sweden;2046;404467,21635575755
Sweden;2047;404467,21635575755
Sweden;2048;404467,21635575755
Sweden;2049;404467,21635575755
Sweden;2050;404467,21635575755
