geo country;vehicle age;survival rate Weibull;survival rate WG;distribution
Austria;1;0,9999268898521629;1,0103797710778635;Weibull
Austria;2;0,9994480723814877;1,0103820773598873;Weibull
Austria;3;0,9982002469145291;1,0096248197177162;Weibull
Austria;4;0,9958398830305185;1,0077637774634878;Weibull
Austria;5;0,9920396578492684;1,0044708770881727;Weibull
Austria;6;0,9864897886709203;0,9994355256698012;Weibull
Austria;7;0,9789014485164647;0,9923680275534019;Weibull
Austria;8;0,96901144542039;0,9830042651620382;Weibull
Austria;9;0,9565877224557129;0,9711112009245496;Weibull
Austria;10;0,9414353329985681;0,9564928548297097;Weibull
Austria;11;0,9234025637861698;0,9389964301601806;Weibull
Austria;12;0,9023868710593412;0,9185182526939508;Weibull
Austria;13;0,878340283351023;0,8950091769280002;Weibull
Austria;14;0,8512739189299355;0,8684791073234848;Weibull
Austria;15;0,8212612731923743;0,8390002898522912;Weibull
Austria;16;0,7884399559146337;0,8067090537411022;Weibull
Austria;17;0,7530116030261758;0,7718057280535293;Weibull
Austria;18;0,7152397535047023;0,7345525236888011;Weibull
Austria;19;0,6754455683124384;0,6952692576906252;Weibull
Austria;20;0,6340013721605054;0,6543269006245399;Weibull
Austria;21;0,5913221154537408;0,6121390443448582;Weibull
Austria;22;0,5478549763201291;0,5691515100216193;Weibull
Austria;23;0,5040674429665163;0,525830436633218;Weibull
Austria;24;0,4604343256172975;0,4826492991434175;Weibull
Austria;25;0,417424235733624;0,4400753940206079;Weibull
Austria;26;0,3754861295700925;0,3985563891152207;Weibull
Austria;27;0,33503653656648846;0,3585075583507751;Weibull
Austria;28;0,29644807628331094;0,3203003048945089;Weibull
Austria;29;0,2600398094628792;0,28425251834630705;Weibull
Austria;30;0,22606987181494362;0,25062121450183183;Weibull
Austria;31;0,19473070938247602;0,21959777650296458;Weibull
Austria;32;0,16614708116598478;0,19130596301218433;Weibull
Austria;33;0,14037682985454364;0,16580268421857858;Weibull
Austria;34;0,11741425816295453;0,14308138313602214;Weibull
Austria;35;0,09719579958464578;0,12307771096621556;Weibull
Austria;36;0,07960755019708729;0,10567706312878435;Weibull
Austria;37;0,06449414179543683;0,09072345620223282;Weibull
Austria;38;0,05166839184988715;0,078029181242275;Weibull
Austria;39;0,04092116427441303;0,06738466743954716;Weibull
Austria;40;0,03203091430581648;0,058568029393413296;Weibull
Austria;41;0,024772464745384894;0,05135384523571669;Weibull
Austria;42;0,018924660358542306;0,04552081238530449;Weibull
Austria;43;0,014276661580895734;0,040858042071227535;Weibull
Austria;44;0,010632756621557271;0,03716987170915409;Weibull
Austria;45;0,007815682171976228;0,03427918533711035;Weibull
Belgium;1;0,9971655531806753;1,0076184344063759;Weibull
Belgium;2;0,9887103262310881;0,9996443312094877;Weibull
Belgium;3;0,9747773010671374;0,9862018738703247;Weibull
Belgium;4;0,955600305792645;0,9675242002256144;Weibull
Belgium;5;0,9314974869794858;0,9439287062183901;Weibull
Belgium;6;0,9028625310834478;0,9158082680823287;Weibull
Belgium;7;0,8701539734113557;0,883620552448293;Weibull
Belgium;8;0,8338830000958872;0,8478758198375355;Weibull
Belgium;9;0,7946001958544053;0,8091236743232421;Weibull
Belgium;10;0,7528817160940316;0,7679392379251733;Weibull
Belgium;11;0,7093153656114225;0,7249092319854333;Weibull
Belgium;12;0,6644870483966614;0,680618430031271;Weibull
Belgium;13;0,618968015711906;0,6356369092888832;Weibull
Belgium;14;0,5733032854925503;0,5905084738860995;Weibull
Belgium;15;0,5280015387987029;0,5457405554586199;Weibull
Belgium;16;0,48352672262838237;0,5017958204548509;Weibull
Belgium;17;0,4402915072287074;0,4590856322560609;Weibull
Belgium;18;0,3986526644077026;0,4179654345918014;Weibull
Belgium;19;0,3589083552663338;0,37873204464452065;Weibull
Belgium;20;0,321297244740245;0,3416227732042795;Weibull
Belgium;21;0,28599929919233613;0,30681622808345355;Weibull
Belgium;22;0,2531380740776042;0,27443460777909434;Weibull
Belgium;23;0,22278426262622295;0,24454725629292468;Weibull
Belgium;24;0,19496025395316416;0,21717522747928414;Weibull
Belgium;25;0,16964543963463283;0,19229659792161669;Weibull
Belgium;26;0,14678201056638646;0,16985227011151466;Weibull
Belgium;27;0,12628099928451086;0,1497520210687975;Weibull
Belgium;28;0,10802834495960606;0,131880573570804;Weibull
Belgium;29;0,09189078682813853;0,1161034957115664;Weibull
Belgium;30;0,07772142469203126;0,10227276737891948;Weibull
Belgium;31;0,06536482016192612;0,09023188728241469;Weibull
Belgium;32;0,054661547587052564;0,07982042943325211;Weibull
Belgium;33;0,04545213742093715;0,07087799178497209;Weibull
Belgium;34;0,03758038575934652;0,06324751073241411;Weibull
Belgium;35;0,03089603095135526;0,05677794233292505;Weibull
Belgium;36;0,025256820878999827;0,051326333810696886;Weibull
Belgium;37;0,020530012414037964;0,04675932682083396;Weibull
Belgium;38;0,016593357678111556;0,0429541470704994;Weibull
Belgium;39;0,013335640289275119;0,03979914345440924;Weibull
Belgium;40;0,010656829199044742;0,03719394428664156;Weibull
Belgium;41;0,008467918568747899;0,0350492990590797;Weibull
Belgium;42;0,006690520038427391;0,03328667206518957;Weibull
Belgium;43;0,005256269369704359;0,03183764986003616;Weibull
Belgium;44;0,004106103444879853;0,030643218532476667;Weibull
Belgium;45;0,003189456579349996;0,029652959744484116;Weibull
Bulgaria;1;0,9999999999793285;1,0002029622283053;WG
Bulgaria;2;0,9999999986770256;1,0004164183009059;WG
Bulgaria;3;0,9999999849304942;1,0008325715726047;WG
Bulgaria;4;0,9999999153296389;1,0016221363345161;WG
Bulgaria;5;0,9999996770082437;1,0030798345660492;WG
Bulgaria;6;0,9999990355520928;1,0056982916752313;WG
Bulgaria;7;0,9999975680245075;1,010274080338217;WG
Bulgaria;8;0,9999945811113446;1,0180519990426304;WG
Bulgaria;9;0,9999890143906012;1,0309096122661874;WG
Bulgaria;10;0,9999793287379091;1,0515760905200717;WG
Bulgaria;11;0,9999633798902913;1,0838667373381523;WG
Bulgaria;12;0,9999382772091006;1,1328975293573154;WG
Bulgaria;13;0,9999002277124193;1,205224417564353;WG
Bulgaria;14;0,999844365491516;1,3088340652921915;WG
Bulgaria;15;0,9997645666903708;1,4529022888699756;WG
Bulgaria;16;0,9996532503179686;1,6472412052542853;WG
Bulgaria;17;0,9995011652873136;1,9013829959814248;WG
Bulgaria;18;0,9992971642414108;2,2233011820948367;WG
Bulgaria;19;0,9990279649444738;2,6178472867732947;WG
Bulgaria;20;0,9986779002972528;3,0850715185265045;WG
Bulgaria;21;0,9982286583906843;3,618682065908819;WG
Bulgaria;22;0,9976590144551067;4,2049544711908835;WG
Bulgaria;23;0,9969445571069732;4,822405975184547;WG
Bulgaria;24;0,9960574119556281;5,442482846067861;WG
Bulgaria;25;0,994965966423612;6,031369632542885;WG
Bulgaria;26;0,9936346005685789;6,552835634173682;WG
Bulgaria;27;0,9920234297850403;6,971822037607319;WG
Bulgaria;28;0,9900880665184497;7,258291259959173;WG
Bulgaria;29;0,9877794095466538;7,390755870597103;WG
Bulgaria;30;0,9850434709716895;7,35891160693978;WG
Bulgaria;31;0,9818212528062285;7,1649255735644655;WG
Bulgaria;32;0,978048686909254;6,8231548523515295;WG
Bulgaria;33;0,9736566539844638;6,358344893935072;WG
Bulgaria;34;0,9685710993422022;5,802620164670603;WG
Bulgaria;35;0,9627132650568941;5,1917735382283965;WG
Bulgaria;36;0,9560000599136563;4,5614463123023485;WG
Bulgaria;37;0,9483445899833798;3,9437561880005605;WG
Bulgaria;38;0,9396568736115156;3,364794102037676;WG
Bulgaria;39;0,9298447648287687;2,8432125622724755;WG
Bulgaria;40;0,9188151084285268;2,3899176049672177;WG
Bulgaria;41;0,9064751479051348;2,008698822358258;WG
Bulgaria;42;0,8927342037775257;1,6975173403985289;WG
Bulgaria;43;0,877505634184895;1,4501306682578738;WG
Bulgaria;44;0,8607090816881242;1,2577580975648868;WG
Bulgaria;45;0,8422729996270032;1,1105603815903886;WG
Switzerland;1;0,9999602087187446;1,0104130899444452;Weibull
Switzerland;2;0,9996513358610736;1,0105853408394732;Weibull
Switzerland;3;0,9987593488640557;1,0101839216672428;Weibull
Switzerland;4;0,9969485519134464;1,0088724463464158;Weibull
Switzerland;5;0,9938720865414412;1,0063033057803457;Weibull
Switzerland;6;0,9891795488991321;1,002125285898013;Weibull
Switzerland;7;0,9825245124165957;0,9959910914535329;Weibull
Switzerland;8;0,973572684264946;0,9875655040065943;Weibull
Switzerland;9;0,9620108989860611;0,9765343774548978;Weibull
Switzerland;10;0,9475569076885503;0,9626144295196919;Weibull
Switzerland;11;0,9299697568410268;0,9455636232150376;Weibull
Switzerland;12;0,9090604170263862;0,9251917986609958;Weibull
Switzerland;13;0,8847022070200005;0,9013711005969777;Weibull
Switzerland;14;0,8568404633320184;0,8740456517255676;Weibull
Switzerland;15;0,8255008365977663;0,8432398532576832;Weibull
Switzerland;16;0,7907955629354342;0,8090646607619028;Weibull
Switzerland;17;0,7529270699183601;0,7717211949457137;Weibull
Switzerland;18;0,712188340942925;0,7315011111270239;Weibull
Switzerland;19;0,668959583157061;0,6887832725352478;Weibull
Switzerland;20;0,6237009226853802;0,6440264511494147;Weibull
Switzerland;21;0,5769410806470486;0,597758009538166;Weibull
Switzerland;22;0,529262251794115;0,5505587854956051;Weibull
Switzerland;23;0,48128169534690873;0,5030446890136104;Weibull
Switzerland;24;0,4336308301016018;0,45584580362772176;Weibull
Switzerland;25;0,3869328749759673;0,4095840332629512;Weibull
Switzerland;26;0,3417802631289872;0,3648505226741154;Weibull
Switzerland;27;0,2987131569383356;0,3221841787226222;Weibull
Switzerland;28;0,2582003835254646;0,28205261213666255;Weibull
Switzerland;29;0,2206239874275946;0,24483669631102245;Weibull
Switzerland;30;0,1862683622435187;0,21081970493040691;Weibull
Switzerland;31;0,15531459387058696;0,18018166099107552;Weibull
Switzerland;32;0,12784025394587584;0,15299913579207539;Weibull
Switzerland;33;0,10382446234796706;0,12925031671200202;Weibull
Switzerland;34;0,08315763587143622;0,10882476084450382;Weibull
Switzerland;35;0,06565499920730646;0,09153691058887625;Weibull
Switzerland;36;0,05107268998944055;0,0771422029211376;Weibull
Switzerland;37;0,039125165748574074;0,06535448015537007;Weibull
Switzerland;38;0,02950262566530888;0,05586341505769672;Weibull
Switzerland;39;0,021887286220702625;0,04835078938583674;Weibull
Switzerland;40;0,01596757465097261;0,042504689738569426;Weibull
Switzerland;41;0,01144959407478821;0,038030974565120015;Weibull
Switzerland;42;0,008065530362954366;0,03466168238971655;Weibull
Switzerland;43;0,005578974855868504;0,032160355346200306;Weibull
Switzerland;44;0,003787396461583166;0,03032451154917998;Weibull
Switzerland;45;0,0025221890100144803;0,0289856921751486;Weibull
Cyprus;1;0,9999999998241863;1,0578968263828759;WG
Cyprus;2;0,9999999887479217;1,093818026159676;WG
Cyprus;3;0,9999998718318036;1,1460648668459958;WG
Cyprus;4;0,9999992798672466;1,2184905923480551;WG
Cyprus;5;0,9999972529143388;1,3140122712581441;WG
Cyprus;6;0,9999917972685449;1,4335974010264292;WG
Cyprus;7;0,9999793159051273;1,5752438151923207;WG
Cyprus;8;0,999953912549247;1,733231619573648;WG
Cyprus;9;0,9999065697436877;1,897950559705198;WG
Cyprus;10;0,999824201730526;2,0565321166570727;WG
Cyprus;11;0,9996885837637548;2,1943381526932315;WG
Cyprus;12;0,9994751608100463;2,2971154521674055;WG
Cyprus;13;0,9991517407111268;2,3533939117740488;WG
Cyprus;14;0,9986770800684399;2,3565732586122854;WG
Cyprus;15;0,9979993757242507;2,306171887966598;WG
Cyprus;16;0,9970546811671815;2,207908437302775;WG
Cyprus;17;0,9957652759487805;2,0725938916744706;WG
Cyprus;18;0,9940380277573517;1,9141267414055276;WG
Cyprus;19;0,9917628016507158;1,7471002895597394;WG
Cyprus;20;0,9888109895402095;1,5845836863792304;WG
Cyprus;21;0,9850342556461944;1,4365245034753862;WG
Cyprus;22;0,9802636203578786;1,3089974296850568;WG
Cyprus;23;0,974309035358651;1,2042776618448447;WG
Cyprus;24;0,9669596360275331;1,1215281498172152;WG
Cyprus;25;0,9579848911168953;1,0578012426529269;WG
Cyprus;26;0,9471369014686527;1,0090682551460401;WG
Cyprus;27;0,9341541244946848;0,9710729328549836;WG
Cyprus;28;0,91876681295288;0,9399120713860545;WG
Cyprus;29;0,9007044468783013;0,912340522653596;WG
Cyprus;30;0,8797053961601505;0,8858575658377523;WG
Cyprus;31;0,8555289665279145;0,8586541699391348;WG
Cyprus;32;0,827969841575348;0,8294951458775994;WG
Cyprus;33;0,7968747273378269;0,7975899856631123;WG
Cyprus;34;0,7621607276057731;0,7624829810505416;WG
Cyprus;35;0,7238346295814603;0,7239741251580123;WG
Cyprus;36;0,6820118755935147;0,6820698920934312;WG
Cyprus;37;0,636933570217414;0,636956753281397;WG
Cyprus;38;0,5889794781434946;0,5889883787246353;WG
Cyprus;39;0,5386746846967183;0,5386779678723397;WG
Cyprus;40;0,48668751603914345;0,4866886796240675;WG
Cyprus;41;0,4338165565254064;0,43381695273982673;WG
Cyprus;42;0,3809652516721387;0,38096538129771207;WG
Cyprus;43;0,3291037010430914;0,32910374178856067;WG
Cyprus;44;0,2792188041951482;0,27921881650056074;WG
Cyprus;45;0,23225579359161305;0,23225579716221348;WG
Czech Republic;1;0,9999999998896056;1,0000372611104071;WG
Czech Republic;2;0,9999999929347619;1,0000821242181361;WG
Czech Republic;3;0,9999999195225262;1,0001752621774447;WG
Czech Republic;4;0,9999995478248676;1,0003621195947288;WG
Czech Republic;5;0,9999982750898563;1,0007244275860017;WG
Czech Republic;6;0,9999948494547313;1,0014034541191443;WG
Czech Republic;7;0,9999870123001154;1,0026335485643612;WG
Czech Republic;8;0,999971061203714;1,0047871447922392;WG
Czech Republic;9;0,9999413336401506;1,0084299639943453;WG
Czech Republic;10;0,9998896117488215;1,0143809558154702;WG
Czech Republic;11;0,9998044488074502;1,023765570967899;WG
Czech Republic;12;0,9996704185777948;1,0380440657573249;WG
Czech Republic;13;0,9994672895254889;1,0589905130346333;WG
Czech Republic;14;0,9991691271757108;1,088595835770864;WG
Czech Republic;15;0,9987433296929796;1,1288727484919188;WG
Czech Republic;16;0,9981496043355449;1,1815546051333705;WG
Czech Republic;17;0,9973388959261188;1,2477042876885354;WG
Czech Republic;18;0,996252283116022;1,3272803805267719;WG
Czech Republic;19;0,9948198642281408;1,4187388423608334;WG
Czech Republic;20;0,9929596620757967;1,5187690076852345;WG
Czech Republic;21;0,9905765865815209;1,622262484644739;WG
Czech Republic;22;0,987561505425396;1,7225854752021346;WG
Czech Republic;23;0,983790486410369;1,8121698321347794;WG
Czech Republic;24;0,9791242906676931;1,8833658455575029;WG
Czech Republic;25;0,9734082129434238;1,9294284826932886;WG
Czech Republic;26;0,9664723833958019;1,9454599561692616;WG
Czech Republic;27;0,9581326635569807;1,929122528917287;WG
Czech Republic;28;0,9481922857857987;1,880973207124991;WG
Czech Republic;29;0,9364443984020372;1,8043491216055276;WG
Czech Republic;30;0,9226756847051183;1,704828996568569;WG
Czech Republic;31;0,9066712193549833;1,5893857791447337;WG
Czech Republic;32;0,8882207054251482;1,4654041699443243;WG
Czech Republic;33;0,867126194476333;1,339750482419143;WG
Czech Republic;34;0,8432113246307625;1,2180510672371745;WG
Czech Republic;35;0,8163320126498264;1,1042724536455117;WG
Czech Republic;36;0,7863884016632813;1,0006217815098755;WG
Czech Republic;37;0,75333769554304;0,9077205452043959;WG
Czech Republic;38;0,7172073076450083;0,824962549539558;WG
Czech Republic;39;0,6781075260364532;0,7509534403813238;WG
Czech Republic;40;0,6362426681608394;0,6839405870855088;WG
Czech Republic;41;0,5919194937906915;0,6221691959425371;WG
Czech Republic;42;0,5455515046599648;0,5641325530400942;WG
Czech Republic;43;0,49765772892207766;0,5087124239250467;WG
Czech Republic;44;0,4488547182523165;0,45522488433484554;WG
Czech Republic;45;0,3998408195088383;0,403396168074778;WG
Germany;1;0,9993402340131081;1,0097931152388087;Weibull
Germany;2;0,9968024408461305;1,00773644582453;Weibull
Germany;3;0,9919640736367883;1,0033886464399755;Weibull
Germany;4;0,9845785912741178;0,9965024857070872;Weibull
Germany;5;0,9744887685465466;0,986919987785451;Weibull
Germany;6;0,9616033660732135;0,9745491030720944;Weibull
Germany;7;0,945887201288274;0,9593537803252112;Weibull
Germany;8;0,9273557546554778;0,941348574397126;Weibull
Germany;9;0,9060714464645055;0,9205949249333423;Weibull
Germany;10;0,8821404057825369;0,8971979276136786;Weibull
Germany;11;0,8557091828338977;0,8713030492079086;Weibull
Germany;12;0,8269611409798806;0,8430925226144902;Weibull
Germany;13;0,7961124144699526;0,8127813080469298;Weibull
Germany;14;0,7634074075248936;0,7806125959184428;Weibull
Germany;15;0,7291138687721133;0,7468528854320302;Weibull
Germany;16;0,6935176154450424;0,711786713271511;Weibull
Germany;17;0,6569170099635331;0,6757111349908866;Weibull
Germany;18;0,619617310335014;0,6389300805191128;Weibull
Germany;19;0,581925026680916;0,6017487160591027;Weibull
Germany;20;0,5441424199374298;0,5644679484014643;Weibull
Germany;21;0,506562276046086;0,5273792049372034;Weibull
Germany;22;0,469463080379235;0,49075961408072516;Weibull
Germany;23;0,4331047034702795;0,4548676971369813;Weibull
Germany;24;0,3977246911932137;0,41993966471933364;Weibull
Germany;25;0,36353523133373133;0,3861863896207152;Weibull
Germany;26;0,3307208450785939;0,3537911046237221;Weibull
Germany;27;0,29943682743353034;0,32290784921781696;Weibull
Germany;28;0,26980843607421195;0,2936606646854099;Weibull
Germany;29;0,24193080469866657;0,2661435135820944;Weibull
Germany;30;0,21586953553961583;0,24042087822650404;Weibull
Germany;31;0,19166190712315911;0,2165289742436477;Weibull
Germany;32;0,16931861825816058;0,19447750010436013;Weibull
Germany;33;0,14882597803879635;0,1742518324028313;Weibull
Germany;34;0,1301484445586804;0,15581556953174802;Weibull
Germany;35;0,11323141207623913;0,1391133234578089;Weibull
Germany;36;0,09800414734858956;0,12407366028028662;Weibull
Germany;37;0,0843827804039841;0,1106120948107801;Weibull
Germany;38;0,0722732626499162;0,09863405204230405;Weibull
Germany;39;0,06157421531218377;0,0880377184773179;Weibull
Germany;40;0,05217960310502275;0,07871671819261956;Weibull
Germany;41;0,04398118105835772;0,07056256154868952;Weibull
Germany;42;0,03687067590682736;0,06346682793358954;Weibull
Germany;43;0,030741676758450923;0,05732305724878273;Weibull
Germany;44;0,025491222367892117;0,05202833745548893;Weibull
Germany;45;0,02102108379649267;0,04748458696162679;Weibull
Denmark;1;0,9999375890504708;1,0103904702761715;Weibull
Denmark;2;0,9995112427740033;1,0104452477524029;Weibull
Denmark;3;0,9983716111885357;1,0097961839917229;Weibull
Denmark;4;0,9961779788898122;1,0081018733227816;Weibull
Denmark;5;0,9925989756948654;1,0050301949337699;Weibull
Denmark;6;0,9873156588597234;1,0002613958586042;Weibull
Denmark;7;0,9800259900866369;0,9934925691235742;Weibull
Denmark;8;0,9704503533720757;0,984443173113724;Weibull
Denmark;9;0,9583378529312833;0,97286133140012;Weibull
Denmark;10;0,9434731276775331;0,9585306495086747;Weibull
Denmark;11;0,9256833881477308;0,9412772545217416;Weibull
Denmark;12;0,9048453443152437;0,9209767259498532;Weibull
Denmark;13;0,8808916587312378;0,897560552308215;Weibull
Denmark;14;0,8538165360592045;0,8710217244527537;Weibull
Denmark;15;0,8236800531706904;0,8414190698306073;Weibull
Denmark;16;0,7906108483873093;0,8088799462137779;Weibull
Denmark;17;0,7548068277704078;0,7736009527977612;Weibull
Denmark;18;0,7165336125054877;0,7358463826895866;Weibull
Denmark;19;0,6761205442472807;0,6959442336254675;Weibull
Denmark;20;0,6339541821915704;0,6542797106556049;Weibull
Denmark;21;0,5904693614161846;0,611286290307302;Weibull
Denmark;22;0,546138028930779;0,5674345626322692;Weibull
Denmark;23;0,5014562219434366;0,5232192156101384;Weibull
Denmark;24;0,4569296906120602;0,47914466413818013;Weibull
Denmark;25;0,4130587829409597;0,4357099412279436;Weibull
Denmark;26;0,37032329103717804;0,39339355058230624;Weibull
Denmark;27;0,32916799604738217;0,3526390178316688;Weibull
Denmark;28;0,28998963723618265;0,3138418658473806;Weibull
Denmark;29;0,2531259664347103;0,27733867531813816;Weibull
Denmark;30;0,21884743484187416;0,24339877752876238;Weibull
Denmark;31;0,18735190217060765;0,21221896929109624;Weibull
Denmark;32;0,1587625701539758;0,18392145200017535;Weibull
Denmark;33;0,13312913869993714;0,15855499306397208;Weibull
Denmark;34;0,11043198073519608;0,13609910570826367;Weibull
Denmark;35;0,09058894840212037;0,11647085978369015;Weibull
Denmark;36;0,07346427441190576;0,09953378734360281;Weibull
Denmark;37;0,058878930146075384;0,08510824455287139;Weibull
Denmark;38;0,04662175380725561;0,07298254319964345;Weibull
Denmark;39;0,036460669202663554;0,06292417236779768;Weibull
Denmark;40;0,02815337459488871;0,05469048968248552;Weibull
Denmark;41;0,021456982482672228;0,048038362973004026;Weibull
Denmark;42;0,016136222481178394;0,042732374507940575;Weibull
Denmark;43;0,011969965942298886;0,03855134643263069;Weibull
Denmark;44;0,00875597770576543;0,03529309279336225;Weibull
Denmark;45;0,0063139340767678674;0,03277743724190199;Weibull
Spain;1;0,9999911507403226;1,0104440319660233;Weibull
Spain;2;0,9999112707694711;1,0108452757478705;Weibull
Spain;3;0,9996582859438363;1,0110828587470235;Weibull
Spain;4;0,999110655721781;1,0110345501547504;Weibull
Spain;5;0,9981329136635493;1,0105641329024537;Weibull
Spain;6;0,9965788648787266;1,0095246018776074;Weibull
Spain;7;0,9942940705142115;1,0077606495511486;Weibull
Spain;8;0,9911181306913468;1,0051109504329951;Weibull
Spain;9;0,9868869982768649;1,0014104767457015;Weibull
Spain;10;0,9814354470519455;0,9964929688830871;Weibull
Spain;11;0,9745997622053116;0,9901936285793225;Weibull
Spain;12;0,9662206853663906;0,9823520670010002;Weibull
Spain;13;0,9561466186868641;0,9728155122638413;Weibull
Spain;14;0,9442370679180159;0,9614422563115651;Weibull
Spain;15;0,9303662810046321;0,9481052976645491;Weibull
Spain;16;0,9144270157710767;0,9326961135975452;Weibull
Spain;17;0,896334347929431;0,9151284729567846;Weibull
Spain;18;0,876029409517024;0,8953421797011228;Weibull
Spain;19;0,8534829289580099;0,8733066183361967;Weibull
Spain;20;0,8286984284883803;0,8490239569524147;Weibull
Spain;21;0,801714924096784;0,8225318529879014;Weibull
Spain;22;0,7726089688804806;0,7939055025819708;Weibull
Spain;23;0,7414958841911725;0,7632588778578743;Weibull
Spain;24;0,708530035330173;0,730745008856293;Weibull
Spain;25;0,6739040306600096;0,6965551889469934;Weibull
Spain;26;0,6378467551230945;0,6609170146682227;Weibull
Spain;27;0,6006201909302893;0,6240912127145759;Weibull
Spain;28;0,5625150284675665;0,5863672570787645;Weibull
Spain;29;0,5238451273055353;0,5480578361889632;Weibull
Spain;30;0,4849409478046206;0,5094922904915088;Weibull
Spain;31;0,4461421346806834;0,471009201801172;Weibull
Spain;32;0,4077894909751492;0,43294837282134874;Weibull
Spain;33;0,37021662982020187;0,3956424841842368;Weibull
Spain;34;0,33374162792092504;0,35940875289399266;Weibull
Spain;35;0,2986590249599245;0,32454093634149433;Weibull
Spain;36;0,2652325141918449;0,291302027123542;Weibull
Spain;37;0,23368864960062238;0,2599179640074184;Weibull
Spain;38;0,2042118539518939;0,23057264334428174;Weibull
Spain;39;0,17694095142638902;0,20340445459152315;Weibull
Spain;40;0,15196737156007137;0,1785044866476682;Weibull
Spain;41;0,12933508282958117;0,15591646331991296;Weibull
Spain;42;0,10904222054192263;0,1356383725686848;Weibull
Spain;43;0,09104428158921665;0,11762566207954846;Weibull
Spain;44;0,07525867509779616;0,10179579018539298;Weibull
Spain;45;0,06157034945207911;0,08803385261721322;Weibull
Estonia;1;0,999999999970185;1,0000195021655989;WG
Estonia;2;0,9999999980918356;1,0000414623817215;WG
Estonia;3;0,9999999782648157;1,0000858016023586;WG
Estonia;4;0,999999877877489;1,0001728105313556;WG
Estonia;5;0,9999995341396714;1,0003387600778553;WG
Estonia;6;0,999998608949156;1,000646409834764;WG
Estonia;7;0,9999964922932197;1,0012007916704209;WG
Estonia;8;0,9999921841893641;1,0021717391524008;WG
Estonia;9;0,9999841551759904;1,0038242471663423;WG
Estonia;10;0,9999701853764889;1,0065567031808613;WG
Estonia;11;0,9999471821832716;1,0109451020588958;WG
Estonia;12;0,999910976646879;1,0177884307510625;WG
Estonia;13;0,9998560987163415;1,028146638339806;WG
Estonia;14;0,9997755315691421;1,043358542511008;WG
Estonia;15;0,9996604454030527;1,0650236999543545;WG
Estonia;16;0,9994999112505972;1,0949311465702418;WG
Estonia;17;0,9992805956349873;1,13492062094171;WG
Estonia;18;0,998986437231517;1,1866697315661914;WG
Estonia;19;0,9985983071503772;1,251413874651861;WG
Estonia;20;0,9980936550377236;1,329623359828722;WG
Estonia;21;0,9974461439256755;1,4206810905006784;WG
Estonia;22;0,9966252776743336;1,5226195715504134;WG
Estonia;23;0,995596025966288;1,631982564747045;WG
Estonia;24;0,9943184531624858;1,7438697771374574;WG
Estonia;25;0,9927473589318463;1,8522005052961499;WG
Estonia;26;0,9908319404456323;1,9501960678092098;WG
Estonia;27;0,9885154880942164;2,031037380968262;WG
Estonia;28;0,9857351291406304;2,0886127689335554;WG
Estonia;29;0,9824216364586821;2,118242701290375;WG
Estonia;30;0,9784993224786083;2,117261266340913;WG
Estonia;31;0,9738860416170497;2,0853526264284272;WG
Estonia;32;0,9684933277010545;2,0245818320178004;WG
Estonia;33;0,9622266960631708;1,9391144360449712;WG
Estonia;34;0,9549861428871671;1,8346757119427757;WG
Estonia;35;0,9466668767584401;1,7178449354959302;WG
Estonia;36;0,9371603188848383;1,5953034094255738;WG
Estonia;37;0,9263554086902378;1,4731527912916662;WG
Estonia;38;0,9141402499544641;1,356395469311268;WG
Estonia;39;0,9004041288167686;1,248629128146893;WG
Estonia;40;0,8850399281580281;1,1519637685275133;WG
Estonia;41;0,8679469524850625;1,0671313068638573;WG
Estonia;42;0,8490341628356558;0,9937324929259479;WG
Estonia;43;0,8282238018696368;0,9305559887264481;WG
Estonia;44;0,8054553648522923;0,8759086795131761;WG
Estonia;45;0,7806898426053894;0,8279103930110002;WG
Finland;1;0,9999999487903684;1,0163064364358119;Weibull
Finland;2;0,9999985796380623;1,0241859443953862;Weibull
Finland;3;0,9999900796737716;1,0345335394731898;Weibull
Finland;4;0,9999606052407957;1,0474604580586984;Weibull
Finland;5;0,9998851900149361;1,0627731990350262;Weibull
Finland;6;0,9997248838841439;1,0798913202403395;Weibull
Finland;7;0,9994240648938162;1,0978175768649419;Weibull
Finland;8;0,998907912531273;1,1151837556180095;Weibull
Finland;9;0,9980800615339077;1,1303806217743873;Weibull
Finland;10;0,9968204846676774;1,1417587370643494;Weibull
Finland;11;0,99498368454111;1,1478646824375693;Weibull
Finland;12;0,992397309820125;1,147662159891743;Weibull
Finland;13;0,9888613501720205;1,1406858778959135;Weibull
Finland;14;0,9841481057688666;1,1270901143998244;Weibull
Finland;15;0,9780031688894558;1,107579886200254;Weibull
Finland;16;0,9701476933040705;1,0832426444422667;Weibull
Finland;17;0,9602822562379025;1,0553227343340177;Weibull
Finland;18;0,9480926304184675;1,0249920671124588;Weibull
Finland;19;0,9332577707207065;0,9931660513910668;Weibull
Finland;20;0,9154602702755846;0,9603968179743251;Weibull
Finland;21;0,8943994427400466;0,926852954910956;Weibull
Finland;22;0,8698070293627812;0,8923739787234262;Weibull
Finland;23;0,8414653028331772;0,8565742135951511;Weibull
Finland;24;0,809227041734046;0,8189666751042393;Weibull
Finland;25;0,7730364863698664;0,7790815546826098;Weibull
Finland;26;0,7329499792132701;0,7365624884659326;Weibull
Finland;27;0,6891545791601396;0,691233154996915;Weibull
Finland;28;0,6419825759071928;0,6431340970907091;Weibull
Finland;29;0,5919195954971398;0,5925338200038122;Weibull
Finland;30;0,5396039696157909;0,5399194203189167;Weibull
Finland;31;0,4858153291619669;0,485971314942519;Weibull
Finland;32;0,43145104766964176;0,4315253132659117;Weibull
Finland;33;0,3774902294865097;0,37752427340054845;Weibull
Finland;34;0,32494636863453746;0,3249613945329841;Weibull
Finland;35;0,2748114641288259;0,2748178495649448;Weibull
Finland;36;0,22799603717605982;0,22799864987777752;Weibull
Finland;37;0,18527084800361265;0,18527187729478528;Weibull
Finland;38;0,14721681776290543;0,14721720818628525;Weibull
Finland;39;0,11418943220951111;0,1141895747973663;Weibull
Finland;40;0,08630258304819925;0,0863026331875155;Weibull
Finland;41;0,06343445155683165;0,06343446853236503;Weibull
Finland;42;0,04525497660107266;0,04525498213479803;Weibull
Finland;43;0,031271224129032965;0,03127122586587742;Weibull
Finland;44;0,020884258203335015;0,02088425872820701;Weibull
Finland;45;0,013449526634718602;0,01344952678743829;Weibull
France;1;0,9999871409191262;1,0910177731478143;Weibull
France;2;0,9998710295761087;1,1109583179314402;Weibull
France;3;0,99950325172964;1,1302461526107783;Weibull
France;4;0,9987071663066475;1,1471122615286942;Weibull
France;5;0,9972861744566375;1,1597499161948255;Weibull
France;6;0,9950287234203551;1,1665590976025952;Weibull
France;7;0,9917124428224554;1,166376105444307;Weibull
France;8;0,9871081755197088;1,158638549701949;Weibull
France;9;0,9809842493454899;1,143447991083678;Weibull
France;10;0,9731111654402159;1,1215162606622626;Weibull
France;11;0,9632667827707998;1,0940096836519382;Weibull
France;12;0,951242008558925;1,0623292969142566;Weibull
France;13;0,9368469437086084;1,0278775759372965;Weibull
France;14;0,9199173747211985;0,9918602343632447;Weibull
France;15;0,9003214473956406;0,9551573224535028;Weibull
France;16;0,8779663036831122;0,9182768611495838;Weibull
France;17;0,8528044138171712;0,8813835945145193;Weibull
France;18;0,8248392947751622;0,8443807854063556;Weibull
France;19;0,7941302774429011;0,8070170020436166;Weibull
France;20;0,760795973042663;0,7689920183458853;Weibull
France;21;0,7250160987516895;0,7300434947761385;Weibull
France;22;0,6870313565647677;0,6900054786275598;Weibull
France;23;0,6471411206022232;0,6488380017482166;Weibull
France;24;0,6056987765943973;0,6066325059310779;Weibull
France;25;0,5631046711373019;0,5636001983712028;Weibull
France;26;0,5197967627107324;0,5200503870895186;Weibull
France;27;0,47623921373104516;0,4763644100064485;Weibull
France;28;0,4329093128102471;0,432968915898882;Weibull
France;29;0,3902832566318316;0,3903106233718479;Weibull
France;30;0,3488214381207811;0,3488335567727017;Weibull
France;31;0,3089539688438418;0,3089591444652545;Weibull
France;32;0,27106719758162257;0,2710693293873987;Weibull
France;33;0,23549196586724694;0,23549281272352693;Weibull
France;34;0,20249426180981153;0,20249458626052577;Weibull
France;35;0,17226879822701105;0,17226891811197054;Weibull
France;36;0,14493585855464955;0,1449359012772433;Weibull
France;37;0,12054153837400065;0,12054155305742893;Weibull
France;38;0,09906128032768804;0,09906128519483283;Weibull
France;39;0,08040637682194253;0,08040637837790103;Weibull
France;40;0,06443291947098302;0,06443291995071503;Weibull
France;41;0,05095252544952529;0,050952525592176785;Weibull
France;42;0,03974408259115858;0,03974408263206872;Weibull
France;43;0,030565734283972006;0,030565734295287212;Weibull
France;44;0,023166371401174356;0,023166371404192716;Weibull
France;45;0,017296003592213588;0,017296003592990116;Weibull
Greece;1;0,9999999999677849;1,005598175713241;Weibull
Greece;2;0,9999999979382301;1,0092537285727892;Weibull
Greece;3;0,9999999765151534;1,0146965266155055;Weibull
Greece;4;0,9999998680467399;1,0224253696631804;Weibull
Greece;5;0,9999994966383531;1,0328768730263236;Weibull
Greece;6;0,9999984969709272;1,0463090920623601;Weibull
Greece;7;0,9999962099265867;1,062670841628519;Weibull
Greece;8;0,9999915550264564;1,081486644358912;Weibull
Greece;9;0,999982879693156;1,101794959779568;Weibull
Greece;10;0,9999677853653894;1,122174593606054;Weibull
Greece;11;0,999942930518952;1,140878207463887;Weibull
Greece;12;0,9999038106935404;1,156064689985879;Weibull
Greece;13;0,9998445156960241;1,1660912025257268;Weibull
Greece;14;0,999757464258427;1,1698017228161617;Weibull
Greece;15;0,9996331165852006;1,1667418576732407;Weibull
Greece;16;0,9994596654443605;1,1572442544189214;Weibull
Greece;17;0,999222706758258;1,1423617858992638;Weibull
Greece;18;0,9989048910524562;1,1236662440078073;Weibull
Greece;19;0,99848555764837;1,1029648333691038;Weibull
Greece;20;0,9979403541625916;1,0820040445472494;Weibull
Greece;21;0,9972408447309415;1,0622261211453783;Weibull
Greece;22;0,9963541114376744;1,044621045183017;Weibull
Greece;23;0,9952423547299841;1,0296862825685902;Weibull
Greece;24;0,9938625001642515;1,017478364856973;Weibull
Greece;25;0,9921658206898113;1,0077227276273704;Weibull
Greece;26;0,9900975858492511;0,9999438362544438;Weibull
Greece;27;0,9875967517729988;0,9935842682241605;Weibull
Greece;28;0,9845957086678653;0,9880939581920833;Weibull
Greece;29;0,9810201056220819;0,9829838414713319;Weibull
Greece;30;0,9767887759239072;0,9778478920338315;Weibull
Greece;31;0,971813789632238;0,9723626126282132;Weibull
Greece;32;0,9660006637156648;0,9662739068429385;Weibull
Greece;33;0,9592487635049922;0,9593794691711497;Weibull
Greece;34;0,9514519322303744;0,9515120036372513;Weibull
Greece;35;0,9424993877076555;0,9425259135639452;Weibull
Greece;36;0,932276926383217;0,9322881801845009;Weibull
Greece;37;0,9206684744365294;0,9206730617381116;Weibull
Greece;38;0,9075580228803851;0,907559819447989;Weibull
Greece;39;0,8928319779199264;0,8928326539376094;Weibull
Greece;40;0,8763819485116355;0,8763821929113921;Weibull
Greece;41;0,8581079793734309;0,8581080642663959;Weibull
Greece;42;0,8379222189656834;0,8379222472972674;Weibull
Greece;43;0,8157529876679236;0,815752996752365;Weibull
Greece;44;0,7915491812623164;0,7915491840610002;Weibull
Greece;45;0,7652849090603927;0,7652849098887881;Weibull
Croatia;1;0,999999999853496;1,1316388958624546;WG
Croatia;2;0,999999990623745;1,1621149471837533;WG
Croatia;3;0,9999998931986008;1,1970263506687016;WG
Croatia;4;0,9999993999198589;1,2363129502891101;WG
Croatia;5;0,9999977108778596;1,2797124252716312;WG
Croatia;6;0,9999931647334519;1,326734901155358;WG
Croatia;7;0,9999827641012476;1,3766488542996298;WG
Croatia;8;0,9999615955969113;1,428481547202938;WG
Croatia;9;0,9999221448067572;1,4810363523212968;WG
Croatia;10;0,9998535067465172;1,5329280316381184;WG
Croatia;11;0,9997404929322041;1,582635434850865;WG
Croatia;12;0,9995626371168886;1,6285693157103647;WG
Croatia;13;0,9992931032176101;1,6691512418337973;WG
Croatia;14;0,998897501172202;1,702898105040334;WG
Croatia;15;0,9983326196753483;1,7285057322494257;WG
Croatia;16;0,9975450892384715;1,744924713416143;WG
Croatia;17;0,9964699951298199;1,7514218943087765;WG
Croatia;18;0,9950294678390897;1,7476220304779464;WG
Croatia;19;0,9931312891453223;1,733525772298865;WG
Croatia;20;0,9906675649975409;1,7095022719830444;WG
Croatia;21;0,9875135325269714;1,6762570321421528;WG
Croatia;22;0,9835265877434906;1,6347778829323607;WG
Croatia;23;0,9785456427407185;1,586263920996477;WG
Croatia;24;0,972390946098048;1,532043653677893;WG
Croatia;25;0,9648645266575155;1,4734893258012884;WG
Croatia;26;0,9557514472885037;1,411934413979167;WG
Croatia;27;0,9448220790233592;1,3486005980447646;WG
Croatia;28;0,9318356232931846;1,2845392846928267;WG
Croatia;29;0,9165451158253951;1,2205911458062433;WG
Croatia;30;0,8987041335758396;1,1573653512787374;WG
Croatia;31;0,8780753880296303;1,0952384268316815;WG
Croatia;32;0,854441315558789;1,0343711226395187;WG
Croatia;33;0,8276166594095681;0,974740458241466;WG
Croatia;34;0,797462870737465;0,9161832725119107;WG
Croatia;35;0,7639039337093726;0,8584471552970517;WG
Croatia;36;0,7269429439862892;0,8012445237967748;WG
Croatia;37;0,6866784522897474;0,7443057573861944;WG
Croatia;38;0,6433192495794406;0,6874276374512629;WG
Croatia;39;0,5971959577500252;0,6305137849185216;WG
Croatia;40;0,5487675566561601;0,5736043068262109;WG
Croatia;41;0,4986208962653459;0,5168924499519612;WG
Croatia;42;0,44746139083079145;0,46072674347027076;WG
Croatia;43;0,3960935432842868;0,4055979438713055;WG
Croatia;44;0,3453907500934002;0,3521111215271507;WG
Croatia;45;0,2962549873293281;0,3009444645806991;WG
Hungary;1;0,9999999997292973;1,0033984344701032;WG
Hungary;2;0,9999999826750261;1,0064663858178078;WG
Hungary;3;0,9999998026577371;1,0118213639897482;WG
Hungary;4;0,9999988912022766;1,0207630873786289;WG
Hungary;5;0,9999957702789566;1,0350373460613078;WG
Hungary;6;0,9999873701736864;1,0568046388891572;WG
Hungary;7;0,999968152602919;1,0884807934627028;WG
Hungary;8;0,9999290394241789;1,132411524234084;WG
Hungary;9;0,9998561478238819;1,1903758317187811;WG
Hungary;10;0,9997293339173992;1,2629678659267363;WG
Hungary;11;0,9995205485935132;1,3489723542801544;WG
Hungary;12;0,9991920126092336;1,4449029980767705;WG
Hungary;13;0,9986942229479964;1,5448890823934542;WG
Hungary;14;0,9979638099831721;1,641051356185125;WG
Hungary;15;0,9969212758592028;1,7244008616483293;WG
Hungary;16;0,9954686596494626;1,786146820019058;WG
Hungary;17;0,9934871952835065;1,8191579386340964;WG
Hungary;18;0,9908350549670819;1,819239212650412;WG
Hungary;19;0,9873453047288455;1,7859022006572962;WG
Hungary;20;0,9828242403743982;1,7224255637427692;WG
Hungary;21;0,9770503214492384;1,6351894555676159;WG
Hungary;22;0,969773976723186;1,5324597984082549;WG
Hungary;23;0,9607186145725954;1,4229319268332459;WG
Hungary;24;0,9495832306125558;1,3143767778539717;WG
Hungary;25;0,9360470552424547;1,2126648192077893;WG
Hungary;26;0,9197767139810936;1,1213074105212995;WG
Hungary;27;0,9004363679570938;1,0415050361263485;WG
Hungary;28;0,8777012408040703;0,9725754452417795;WG
Hungary;29;0,8512747981546792;0,9125795231907009;WG
Hungary;30;0,8209096023497876;0,858969531132463;WG
Hungary;31;0,7864314962141667;0,8091338148283964;WG
Hungary;32;0,747766263675731;0,7607769641338555;WG
Hungary;33;0,7049672782575054;0,7121313407066672;WG
Hungary;34;0,6582419196654715;0,6620319812623137;WG
Hungary;35;0,6079737918596033;0,6099002580624044;WG
Hungary;36;0,5547371407901055;0,5556779568907542;WG
Hungary;37;0,49929952348878076;0,4997409681903627;WG
Hungary;38;0,4426089338159491;0,44280794436450854;WG
Hungary;39;0,3857624534456784;0,38584865281846126;WG
Hungary;40;0,3299552175399998;0,3299910899318906;WG
Hungary;41;0,27641107065127873;0,2764254138093883;WG
Hungary;42;0,2262995263658001;0,22630503644012356;WG
Hungary;43;0,1806470472083482;0,18064908096201412;WG
Hungary;44;0,14025348411132862;0,14025420533083008;WG
Hungary;45;0,10562587229569208;0,10562611802943439;WG
Ireland;1;0,999999995001565;1,2729425956965474;WG
Ireland;2;0,9999996801002146;1,3401071036122352;WG
Ireland;3;0,9999963561475622;1,4071788689027762;WG
Ireland;4;0,9999795266200381;1,4683509023952095;WG
Ireland;5;0,9999219025037158;1,517552325869516;WG
Ireland;6;0,9997668202097304;1,5494057213432844;WG
Ireland;7;0,9994121120007854;1,5601544554680706;WG
Ireland;8;0,998690548350131;1,5483294494836848;WG
Ireland;9;0,9973471517706465;1,514977575136447;WG
Ireland;10;0,9950140364408132;1,4633854122159846;WG
Ireland;11;0,9911840579186074;1,3983665706738213;WG
Ireland;12;0,9851855826472263;1,325293006159247;WG
Ireland;13;0,976162226417321;1,2491048271123033;WG
Ireland;14;0,9630635324616229;1,1735163575608387;WG
Ireland;15;0,9446551884010225;1,1005624758284642;WG
Ireland;16;0,9195601484520302;1,0305303287453034;WG
Ireland;17;0,8863440650987552;0,9622322889746622;WG
Ireland;18;0,8436581608843599;0,8935202770434376;WG
Ireland;19;0,7904477074773397;0,8219248459389321;WG
Ireland;20;0,7262217742505791;0,7453136238075546;WG
Ireland;21;0,6513576666515702;0,6624834086154849;WG
Ireland;22;0,5673822305165572;0,5736115152689811;WG
Ireland;23;0,4771388401066134;0,48048984918937315;WG
Ireland;24;0,384729113444082;0,3864610869604002;WG
Ireland;25;0,2951354037844793;0,29599547637923884;WG
Ireland;26;0,21350491819263287;0,21391527079595093;WG
Ireland;27;0,1442083555638775;0,14439646366399325;WG
Ireland;28;0,08993236993408353;0,09001521869584349;WG
Ireland;29;0,05114013469940269;0,05117519315394648;WG
Ireland;30;0,026151229388758034;0,026165483092692936;WG
Ireland;31;0,011841684176364796;0,011847252069878727;WG
Ireland;32;0,0046679808940991675;0,004670070586332169;WG
Ireland;33;0,001572138271868702;0,0015728918043144413;WG
Ireland;34;0,00044314905388329295;0,00044341011957739154;WG
Ireland;35;0,00010221305562402328;0,00010229995684453426;WG
Ireland;36;1,8821609607159787e-05;1,8849402270498252e-05;WG
Ireland;37;2,6936415383314775e-06;2,702181632864487e-06;WG
Ireland;38;2,9099212091104074e-07;2,9351341444556795e-07;WG
Ireland;39;2,298987843842605e-08;2,3705053501482538e-08;WG
Ireland;40;1,2836098353998557e-09;1,4785177776678542e-09;WG
Ireland;41;4,8809944563365054e-11;9,984574501814473e-11;WG
Ireland;42;1,2146464169427013e-12;1,4054159249602602e-11;WG
Ireland;43;1,8950956702420925e-14;3,122441178485687e-12;WG
Ireland;44;1,7702994642157678e-16;7,209200377135997e-13;WG
Ireland;45;9,424234145315135e-19;1,6082044517236654e-13;WG
Iceland;1;0,9999999662473597;1,0783970721648077;Weibull
Iceland;2;0,9999988077867463;1,0872398152774627;Weibull
Iceland;3;0,9999904081751118;1,0952044929686755;Weibull
Iceland;4;0,9999578893926168;1,101873709978166;Weibull
Iceland;5;0,9998673425987944;1,1068570247342435;Weibull
Iceland;6;0,9996612524199392;1,109815708972532;Weibull
Iceland;7;0,9992517253529279;1,1104817748691573;Weibull
Iceland;8;0,9985136395656772;1,10866809611827;Weibull
Iceland;9;0,9972778809322285;1,1042675630676775;Weibull
Iceland;10;0,9953249143333033;1,0972407349188527;Weibull
Iceland;11;0,9923790618871695;1,0875931466807334;Weibull
Iceland;12;0,9881040223229411;1,0753450298136575;Weibull
Iceland;13;0,9821003659939397;1,0604974719113878;Weibull
Iceland;14;0,9739059688151901;1,0429997996613474;Weibull
Iceland;15;0,963000585259752;1,022723142792022;Weibull
Iceland;16;0,9488159690550995;0,9994447424748654;Weibull
Iceland;17;0,9307530733024967;0,9728466953846762;Weibull
Iceland;18;0,9082078185488922;0,9425315956280098;Weibull
Iceland;19;0,88060660435082;0,9080560596700118;Weibull
Iceland;20;0,8474520399080865;0,868981457071281;Weibull
Iceland;21;0,8083781729858853;0,8249393308903845;Weibull
Iceland;22;0,7632127396848012;0,7757069555904461;Weibull
Iceland;23;0,7120416774823863;0,7212862577635044;Weibull
Iceland;24;0,6552685448956872;0,6619770425677718;Weibull
Iceland;25;0,5936590073238384;0,5984334560298176;Weibull
Iceland;26;0,5283588698588306;0,5316914536193853;Weibull
Iceland;27;0,46087415542648164;0,46315554156696165;Weibull
Iceland;28;0,3930043553368708;0,3945360648418326;Weibull
Iceland;29;0,3267258348560454;0,32773442309411016;Weibull
Iceland;30;0,2640313479489784;0,2646826932350224;Weibull
Iceland;31;0,20674246568043367;0,2071550080254481;Weibull
Iceland;32;0,15632194125063523;0,1565782041141984;Weibull
Iceland;33;0,11371919699933387;0,11387531849383523;Weibull
Iceland;34;0,07928089159704464;0,07937417397498857;Weibull
Iceland;35;0,05274815468129605;0,052802818051040756;Weibull
Iceland;36;0,033343790965856886;0,03337520712408984;Weibull
Iceland;37;0,019931246399874054;0,019948954404805118;Weibull
Iceland;38;0,011209401274093657;0,011219190448727327;Weibull
Iceland;39;0,005899910270868911;0,005905217677972986;Weibull
Iceland;40;0,0028898534771328887;0,002892675617494803;Weibull
Iceland;41;0,0013094467933442158;0,0013109185455722839;Weibull
Iceland;42;0,0005454481022891194;0,0005462008521384215;Weibull
Iceland;43;0,00020749047180205525;0,0002078680670637566;Weibull
Iceland;44;7,158090903243045e-05;7,176667334202857e-05;Weibull
Iceland;45;2,22316275718281e-05;2,2321258501931837e-05;Weibull
Italy;1;0,9999409648385439;1,026010477770241;Weibull
Italy;2;0,9996001059985481;1,0258294204053442;Weibull
Italy;3;0,9987759027760669;1,0251366921684548;Weibull
Italy;4;0,997293851601007;1,0237573547661412;Weibull
Italy;5;0,9949956964615367;1,0215328115491336;Weibull
Italy;6;0,9917360189531275;1,0183173994434593;Weibull
Italy;7;0,9873810559351658;1,013977207961928;Weibull
Italy;8;0,9818085393381617;1,0083899198284936;Weibull
Italy;9;0,9749080932690255;1,0014452083566223;Weibull
Italy;10;0,9665819580563331;0,9930454612214672;Weibull
Italy;11;0,9567459041213675;0,9831066935137553;Weibull
Italy;12;0,9453302411002388;0,9715595555070348;Weibull
Italy;13;0,9322808490456619;0,9583503619773589;Weibull
Italy;14;0,9175601703327187;0,9434420817142886;Weibull
Italy;15;0,9011481082016071;0,9268152331746746;Weibull
Italy;16;0,8830427832109614;0,9084686375749964;Weibull
Italy;17;0,8632611035899589;0,8884199854361584;Weibull
Italy;18;0,8418391103203753;0,8667061774408639;Weibull
Italy;19;0,8188320631801174;0,8433834058670056;Weibull
Italy;20;0,7943142401654402;0,818526949048868;Weibull
Italy;21;0,7683784297686655;0,7922306583798635;Weibull
Italy;22;0,7411351035035915;0,7646061252878781;Weibull
Italy;23;0,712711264736266;0,7357815242813942;Weibull
Italy;24;0,6832489791147325;0,7059001374017163;Weibull
Italy;25;0,6529036014558876;0,6751185749820076;Weibull
Italy;26;0,6218417235489658;0,6436047172156676;Weibull
Italy;27;0,590238876645401;0,6115354103468911;Weibull
Italy;28;0,5582770310751584;0,5790939599662758;Weibull
Italy;29;0,526141943107623;0,5464674715716574;Weibull
Italy;30;0,49402040552279824;0,513844094900985;Weibull
Italy;31;0,46209746307094157;0,4814102332550404;Weibull
Italy;32;0,43055365682187474;0,44934778184922824;Weibull
Italy;33;0,39956236215239166;0,41783145997886023;Weibull
Italy;34;0,3692872836858039;0,3870263003457209;Weibull
Italy;35;0,3398801668670335;0,35708535526058266;Weibull
Italy;36;0,3114787801116135;0,3281476736885907;Weibull
Italy;37;0,2842052137860996;0,3003365954207091;Weibull
Italy;38;0,2581645329311312;0,27375839930514206;Weibull
Italy;39;0,23344380997834716;0,2485013318094888;Weibull
Italy;40;0,21011155215592398;0,22463503062476067;Weibull
Italy;41;0,1882175262880764;0,20221034602972468;Weibull
Italy;42;0,16779297175785485;0,1812595507947921;Weibull
Italy;43;0,14885118100475025;0,1617969180036311;Weibull
Italy;44;0,1313884165269574;0,1438196357658618;Weibull
Italy;45;0,1153851243600804;0,12730901879304976;Weibull
Liechtenstein;1;0,9999927881362835;1,0464954966976077;Weibull
Liechtenstein;2;0,9999013224311589;1,046927349706782;Weibull
Liechtenstein;3;0,9995442046574362;1,0470027791888539;Weibull
Liechtenstein;4;0,9986506100211847;1,0464483589550104;Weibull
Liechtenstein;5;0,9968701618837107;1,0449116613176552;Weibull
Liechtenstein;6;0,9937812118262925;1,04196955781245;Weibull
Liechtenstein;7;0,9889001180710768;1,0371375125869824;Weibull
Liechtenstein;8;0,9816930711189816;1,0298814171051391;Weibull
Liechtenstein;9;0,9715916769149223;1,0196331763488669;Weibull
Liechtenstein;10;0,9580132516255513;1,005811000559377;Weibull
Liechtenstein;11;0,9403864518788173;0,9878450264102351;Weibull
Liechtenstein;12;0,9181823914832724;0,9652084187588954;Weibull
Liechtenstein;13;0,8909507477121676;0,9374534562734917;Weibull
Liechtenstein;14;0,8583595370805092;0,904251281154126;Weibull
Liechtenstein;15;0,8202362822725452;0,8654330349712192;Weibull
Liechtenstein;16;0,7766072882385141;0,8210290990723034;Weibull
Liechtenstein;17;0,7277308407630634;0,7713022533519347;Weibull
Liechtenstein;18;0,6741195285535647;0,716769954976224;Weibull
Liechtenstein;19;0,6165467921862302;0,6582108409846427;Weibull
Liechtenstein;20;0,5560334314834611;0,596651186958645;Weibull
Liechtenstein;21;0,49381130144018726;0,5333285525118358;Weibull
Liechtenstein;22;0,43126380765195094;0,4696322252015881;Weibull
Liechtenstein;23;0,3698458965991255;0,4070231588632325;Weibull
Liechtenstein;24;0,3109896256289968;0,34693949184448264;Weibull
Liechtenstein;25;0,25600449725257657;0,2906968303722392;Weibull
Liechtenstein;26;0,20598385255307278;0,23939459243405073;Weibull
Liechtenstein;27;0,1617290901837305;0,19384017919896301;Weibull
Liechtenstein;28;0,12370190478788881;0,15450116831181387;Weibull
Liechtenstein;29;0,09201113297085854;0,12149211763959195;Weibull
Liechtenstein;30;0,06643567357373528;0,09459744661156423;Weibull
Liechtenstein;31;0,04647928371216921;0,07332619694635843;Weibull
Liechtenstein;32;0,03144806003973694;0,05698948249164321;Weibull
Liechtenstein;33;0,020538234544466318;0,04478825768530528;Weibull
Liechtenstein;34;0,012921264768789478;0,03589838466285394;Weibull
Liechtenstein;35;0,007815144076756582;0,02954192470438754;Weibull
Liechtenstein;36;0,004534778130462106;0,02503750018967814;Weibull
Liechtenstein;37;0,0025190630184003574;0,021827362450867912;Weibull
Liechtenstein;38;0,0013367270102085482;0,01948322738816345;Weibull
Liechtenstein;39;0,0006760891029402313;0,017696031853505295;Weibull
Liechtenstein;40;0,0003251918537746975;0,01625606809126074;Weibull
Liechtenstein;41;0,00014840453137395713;0,015029592022503093;Weibull
Liechtenstein;42;6,410680306127297e-05;0,013936515310868808;Weibull
Liechtenstein;43;2,6149820307858868e-05;0,012931877766231408;Weibull
Liechtenstein;44;1,0048002167184012e-05;0,011992053059057756;Weibull
Liechtenstein;45;3,6279112858645316e-06;0,011105413799254107;Weibull
Lithuania;1;0,9999999999358661;1,0001764196436955;WG
Lithuania;2;0,9999999958954258;1,0004310982978841;WG
Lithuania;3;0,9999999532463346;1,0010120965552949;WG
Lithuania;4;0,99999973730728;1,0022828733731322;WG
Lithuania;5;0,9999989979071697;1,0049472270330713;WG
Lithuania;6;0,9999970077698198;1,0103007747551114;WG
Lithuania;7;0,9999924547306442;1,0206068442020255;WG
Lithuania;8;0,9999831878050371;1,0396085409703077;WG
Lithuania;9;0,9999659171579437;1,0731478769538974;WG
Lithuania;10;0,9999358680832675;1,1297922044610393;WG
Lithuania;11;0,9998863892083715;1,2212725541749905;WG
Lithuania;12;0,9998085153174865;1,3624404349552561;WG
Lithuania;13;0,9996904854701141;1,5703930203340155;WG
Lithuania;14;0,9995172175164126;1,8624595908866493;WG
Lithuania;15;0,9992697407298835;2,2529362057446094;WG
Lithuania;16;0,9989245891466413;2,7488133572695577;WG
Lithuania;17;0,9984531593879972;3,345204631927412;WG
Lithuania;18;0,9978210383261817;4,021613466811446;WG
Lithuania;19;0,9969873080172461;4,740377276082336;WG
Lithuania;20;0,9959038379621478;5,448429075473712;WG
Lithuania;21;0,9945145780609481;6,082852295940736;WG
Lithuania;22;0,9927548696870494;6,579690751407504;WG
Lithuania;23;0,9905507972082438;6,8844087808305545;WG
Lithuania;24;0,9878186080757432;6,961662473817594;WG
Lithuania;25;0,9844642363091918;6,801962854651196;WG
Lithuania;26;0,9803829717831849;6,423490712213529;WG
Lithuania;27;0,975459326041489;5,868578502045327;WG
Lithuania;28;0,9695671541835366;5,195794705548945;WG
Lithuania;29;0,9625701012830826;4,469670357414142;WG
Lithuania;30;0,9543224502133625;3,7505448212567996;WG
Lithuania;31;0,9446704548289259;3,0866901097024777;WG
Lithuania;32;0,9334542470742209;2,5099885249671976;WG
Lithuania;33;0,9205104073273673;2,035348000184652;WG
Lithuania;34;0,9056752824034133;1,663114892474741;WG
Lithuania;35;0,888789123106818;1,3832280340446474;WG
Lithuania;36;0,8697010908052876;1,1798037499755756;WG
Lithuania;37;0,8482751479148303;1,035139543433136;WG
Lithuania;38;0,8243967983592179;0,9325839908994792;WG
Lithuania;39;0,7979805794811495;0,8581607428512532;WG
Lithuania;40;0,7689781260716834;0,8011413144579811;WG
Lithuania;41;0,7373865313288206;0,7539020815647929;WG
Lithuania;42;0,7032566221527817;0,7114047009617737;WG
Lithuania;43;0,6667006537211873;0,6705629502622314;WG
Lithuania;44;0,6278988207858489;0,6296578142678787;WG
Lithuania;45;0,5871038944016445;0,5878735759333495;WG
Luxembourg;1;0,9941389165711061;0,997269602943401;Weibull
Luxembourg;2;0,976760975891507;0,9803203923808681;Weibull
Luxembourg;3;0,9484701670226037;0,952504221656052;Weibull
Luxembourg;4;0,9102343075233006;0,9147918262885192;Weibull
Luxembourg;5;0,863330085686329;0,8684627029189909;Weibull
Luxembourg;6;0,809272347410064;0,8150343442046302;Weibull
Luxembourg;7;0,7497330850118202;0,7561811717263653;Weibull
Luxembourg;8;0,6864561522416076;0,6936491917969836;Weibull
Luxembourg;9;0,6211737248048061;0,62917239426374;Weibull
Luxembourg;10;0,5555299817186461;0,5643963705692149;Weibull
Luxembourg;11;0,49101649078551574;0,5008136354390103;Weibull
Luxembourg;12;0,4289224754160356;0,439713830649482;Weibull
Luxembourg;13;0,3703016774537182;0,3821505268648376;Weibull
Luxembourg;14;0,31595607134759063;0,3289248803218803;Weibull
Luxembourg;15;0,26643537170667664;0,2805850878944765;Weibull
Luxembourg;16;0,22205021941696898;0,23743952724985248;Weibull
Luxembourg;17;0,1828962000828278;0,19958073738616802;Weibull
Luxembourg;18;0,14888546731871563;0,16691701356010924;Weibull
Luxembourg;19;0,11978269618614976;0,13920834329437387;Weibull
Luxembourg;20;0,09524232977900023;0,11610364773092723;Weibull
Luxembourg;21;0,07484453361281447;0,09717674407192084;Weibull
Luxembourg;22;0,058127857062358464;0,08195902921941145;Weibull
Luxembourg;23;0,04461723868596565;0,0699675220605249;Weibull
Luxembourg;24;0,03384661294022757;0,06072752221576189;Weibull
Luxembourg;25;0,025375925536877803;0,05378969249368787;Weibull
Luxembourg;26;0,0188028082679227;0,04874181552528589;Weibull
Luxembourg;27;0,013769484894494761;0,04521579546380139;Weibull
Luxembourg;28;0,009965677306114522;0,04289067288718898;Weibull
Luxembourg;29;0,007128367752507133;0,041492507283078905;Weibull
Luxembourg;30;0,005039268784761462;0,04079197699612775;Weibull
Luxembourg;31;0,003520781714226693;0,04060047538316374;Weibull
Luxembourg;32;0,0024311112140813157;0,040765368470933525;Weibull
Luxembourg;33;0,0016590699732848403;0,04116494547732015;Weibull
Luxembourg;34;0,0011189707393573672;0,04170345682172318;Weibull
Luxembourg;35;0,0007458764701119519;0,0423065075357361;Weibull
Luxembourg;36;0,0004913706743916676;0,0429169653157157;Weibull
Luxembourg;37;0,00031992318191499284;0,04349145566124968;Weibull
Luxembourg;38;0,000205862071005342;0,043997452147240976;Weibull
Luxembourg;39;0,00013091852827730457;0,04441092610889974;Weibull
Luxembourg;40;8,228488027765716e-05;0,04471449373862038;Weibull
Luxembourg;41;5,1113205577189864e-05;0,04489598607748674;Weibull
Luxembourg;42;3,137909007559839e-05;0,0449473649071514;Weibull
Luxembourg;43;1,9038894313233877e-05;0,04486391176622278;Weibull
Luxembourg;44;1,1416612230276628e-05;0,044643625470572997;Weibull
Luxembourg;45;6,765921078633771e-06;0,04428677350170107;Weibull
Latvia;1;0,9999999999395116;1,0000102115972413;WG
Latvia;2;0,9999999961287414;1,0000275115828876;WG
Latvia;3;0,9999999559039449;1,0000711895774588;WG
Latvia;4;0,9999997522394739;1,000176935307849;WG
Latvia;5;0,9999990548689283;1,0004224904179917;WG
Latvia;6;0,9999971778563906;1,00096943386154;WG
Latvia;7;0,9999928836235296;1,0021377595424052;WG
Latvia;8;0,999984143450085;1,0045303789937396;WG
Latvia;9;0,9999678544917672;1,0092261260172526;WG
Latvia;10;0,9999395134122145;1,0180544206639914;WG
Latvia;11;0,999892846820497;1,033947035405702;WG
Latvia;12;0,9998193988644855;1,0613276217455014;WG
Latvia;13;0,9997080765815298;1,106447300989832;WG
Latvia;14;0,9995446539867912;1,1775131486137103;WG
Latvia;15;0,9993112364297401;1,2844067819695963;WG
Latvia;16;0,9989856875226104;1,4377850190721386;WG
Latvia;17;0,9985410220015255;1,647428963512858;WG
Latvia;18;0,9979447692905606;1,9198826731829044;WG
Latvia;19;0,9971583143777734;2,255683347200118;WG
Latvia;20;0,9961362249627173;2,6467682496594795;WG
Latvia;21;0,9948255767825708;3,074842631963432;WG
Latvia;22;0,9931652926523657;3,5114901132145846;WG
Latvia;23;0,9910855151388022;3,920526926235556;WG
Latvia;24;0,9885070379831435;4,262563071904667;WG
Latvia;25;0,9853408274212252;4,501071678238463;WG
Latvia;26;0,9814876713927809;4,608703122365199;WG
Latvia;27;0,9768380021915207;4,5723381114921455;WG
Latvia;28;0,9712719461859604;4,3955851507969275;WG
Latvia;29;0,9646596625117778;4,098059925321785;WG
Latvia;30;0,9568620406044861;3,7116393125190235;WG
Latvia;31;0,9477318334053996;3,274672596702708;WG
Latvia;32;0,9371153080905168;2,8255952863528373;WG
Latvia;33;0,9248544980257022;2,3973964031594828;WG
Latvia;34;0,9107901368427203;2,0139822827290637;WG
Latvia;35;0,8947653462899394;1,6888428280025414;WG
Latvia;36;0,8766301318572068;1,4257950940472546;WG
Latvia;37;0,8562467120291966;1,2211442905447512;WG
Latvia;38;0,8334956664072183;1,0664481595868458;WG
Latvia;39;0,8082828332665294;0,9511695855293021;WG
Latvia;40;0,7805468175788514;0,8647531569396882;WG
Latvia;41;0,7502668866051337;0,7979457431772932;WG
Latvia;42;0,717470934191843;0,7434088511829327;WG
Latvia;43;0,6822430916975369;0,6958003721808722;WG
Latvia;44;0,6447304608648331;0,6515387546380516;WG
Latvia;45;0,6051483531270594;0,60843332922229;WG
Malta;1;0,9999999999364265;1,0710160981699395;WG
Malta;2;0,9999999959312941;1,1014309730271563;WG
Malta;3;0,999999953654898;1,1416018401381172;WG
Malta;4;0,9999997396028572;1,1932197486216083;WG
Malta;5;0,999999006664095;1,2577021912903454;WG
Malta;6;0,9999970339178068;1,3359450661040313;WG
Malta;7;0,999992520665799;1,4280568566644556;WG
Malta;8;0,9999833347195518;1,533110263392977;WG
Malta;9;0,9999662149906389;1,648954446659022;WG
Malta;10;0,9999364284912607;1,7721326146162757;WG
Malta;11;0,9998873819564054;1,8979427467964607;WG
Malta;12;0,999810188474597;2,020663165375065;WG
Malta;13;0,9996931897915612;2,1339409129443934;WG
Malta;14;0,9995214353696334;2,231313101237142;WG
Malta;15;0,999276119893327;2,306804834780201;WG
Malta;16;0,9989339817653762;2,355527812696538;WG
Malta;17;0,9984666663044569;2,374196226280147;WG
Malta;18;0,9978400589115647;2,3614838166262597;WG
Malta;19;0,997013595500753;2,31816751408853;WG
Malta;20;0,9959395600818304;2,2470352684628914;WG
Malta;21;0,9945623826305094;2,1525723035131925;WG
Malta;22;0,992817954375367;2,0404738335465753;WG
Malta;23;0,9906329824498622;1,9170566840801335;WG
Malta;24;0,9879244115582921;1,788652916635828;WG
Malta;25;0,9845989469059698;1,6610642868059662;WG
Malta;26;0,9805527201071423;1,5391392240951776;WG
Malta;27;0,975671147986761;1,42650856832786;WG
Malta;28;0,9698290428968034;1,3254882880233305;WG
Malta;29;0,962891041985589;1,2371323535589458;WG
Malta;30;0,9547124312081988;1,161400915678518;WG
Malta;31;0,9451404469319088;1,0973999166885924;WG
Malta;32;0,934016142682915;1,043648051028364;WG
Malta;33;0,9211769095074754;0,9983337194445133;WG
Malta;34;0,9064597338790542;0,9595354889750083;WG
Malta;35;0,8897052650857941;0,9253916641971267;WG
Malta;36;0,8707627423856633;0,8942154993819623;WG
Malta;37;0,8494957986687384;0,8645608185012525;WG
Malta;38;0,8257891098504387;0,8352477813021623;WG
Malta;39;0,7995557962047881;0,8053604350226571;WG
Malta;40;0,7707454028070501;0,7742272113922368;WG
Malta;41;0,7393521922508777;0,7413935504169203;WG
Malta;42;0,7054233771412239;0,7065931947591594;WG
Malta;43;0,6690668087528271;0,6697220507625017;WG
Malta;44;0,6304575313540265;0,6308162632048726;WG
Malta;45;0,5898425224175329;0,5900344877350058;WG
Netherlands;1;0,9999999629000308;1,080517193810271;Weibull
Netherlands;2;0,9999987146578214;1,0950413377359365;Weibull
Netherlands;3;0,999989775273757;1,1088456092348755;Weibull
Netherlands;4;0,9999554697790626;1,1209285439051213;Weibull
Netherlands;5;0,999860591458893;1,1303061920401296;Weibull
Netherlands;6;0,9996458212748078;1,1361273468842021;Weibull
Netherlands;7;0,9992210032148183;1,137775942507783;Weibull
Netherlands;8;0,9984583881885191;1,1349399137979133;Weibull
Netherlands;9;0,9971860103612863;1,1276316109425228;Weibull
Netherlands;10;0,9951814463892796;1,1161545205153383;Weibull
Netherlands;11;0,9921663316923319;1,1010221656534505;Weibull
Netherlands;12;0,9878021697393996;1,0828447928175147;Weibull
Netherlands;13;0,9816881674979583;1,0622053984081985;Weibull
Netherlands;14;0,9733620527228078;1,039547568756832;Weibull
Netherlands;15;0,9623050554986531;1,015093735225536;Weibull
Netherlands;16;0,9479524306236947;0,988805280038928;Weibull
Netherlands;17;0,9297110022994712;0,9603876301895026;Weibull
Netherlands;18;0,9069851489412142;0,9293361302611562;Weibull
Netherlands;19;0,8792123137182218;0,8950134851521004;Weibull
Netherlands;20;0,8459084143967067;0,8567473263001458;Weibull
Netherlands;21;0,8067223331584839;0,8139364936553524;Weibull
Netherlands;22;0,7614969395010942;0,7661559064095753;Weibull
Netherlands;23;0,7103318834529471;0,7132513073834641;Weibull
Netherlands;24;0,6536409015747692;0,6554159426757575;Weibull
Netherlands;25;0,5921940332106415;0,5932412181213119;Weibull
Netherlands;26;0,5271336167451992;0,5277330516800258;Weibull
Netherlands;27;0,45995307411771813;0,4602860129378689;Weibull
Netherlands;28;0,39243015190761027;0,3926095800391274;Weibull
Netherlands;29;0,32651202266830504;0,32660584805114634;Weibull
Netherlands;30;0,2641583127786056;0,2642059179209237;Weibull
Netherlands;31;0,20715849750788;0,20718193391872305;Weibull
Netherlands;32;0,15694978683930835;0,15696098204428297;Weibull
Netherlands;33;0,11446738096118908;0,11447256987800561;Weibull
Netherlands;34;0,0800576845081199;0,0800600181009391;Weibull
Netherlands;35;0,05347512092783251;0,05347613923116022;Weibull
Netherlands;36;0,03396577031871883;0,03396620147325373;Weibull
Netherlands;37;0,020420581412795735;0,02042075854293574;Weibull
Netherlands;38;0,011563956743612436;0,011564027351901086;Weibull
Netherlands;39;0,006136296493375244;0,006136323803432916;Weibull
Netherlands;40;0,003034511495612314;0,003034521744890033;Weibull
Netherlands;41;0,0013904082444865852;0,001390411976709862;Weibull
Netherlands;42;0,0005867041703301848;0,0005867054890292102;Weibull
Netherlands;43;0,00022653294974283342;0,00022653340183550317;Weibull
Netherlands;44;7,949632947876395e-05;7,949647986668571e-05;Weibull
Netherlands;45;2,517599397257619e-05;2,5176042512843344e-05;Weibull
Norway;1;0,9999999986357316;1,051133292285102;Weibull
Norway;2;0,9999999126868312;1,051793332841654;Weibull
Norway;3;0,9999990054488873;1,0524024789489004;Weibull
Norway;4;0,9999944119725636;1,0529559050930712;Weibull
Norway;5;0,9999786835346578;1,0534443553179906;Weibull
Norway;6;0,9999363507228398;1,053850716056643;Weibull
Norway;7;0,999839508076316;1,0541456097020343;Weibull
Norway;8;0,9996424291885145;1,054282017755578;Weibull
Norway;9;0,9992752346477248;1,054188955867419;Weibull
Norway;10;0,9986366618683248;1,0537642497667297;Weibull
Norway;11;0,9975860337599906;1,0528665089822733;Weibull
Norway;12;0,995934602809434;1,0513064748885992;Weibull
Norway;13;0,9934365713935294;1,0488380438659075;Weibull
Norway;14;0,9897802725079733;1,0451494497355354;Weibull
Norway;15;0,9845802518744041;1,0398553464206666;Weibull
Norway;16;0,9773713330976903;1,032490872499649;Weibull
Norway;17;0,9676061727986379;1,022509204581891;Weibull
Norway;18;0,9546583036168976;1,0092845974148268;Weibull
Norway;19;0,9378331679161276;0,9921234135765805;Weibull
Norway;20;0,9163900623863956;0,9702860629805153;Weibull
Norway;21;0,8895780746987489;0,9430229333861152;Weibull
Norway;22;0,8566887503695466;0,9096270501212473;Weibull
Norway;23;0,8171270616677488;0,8695050369038986;Weibull
Norway;24;0,7704999134743543;0,8222656127343954;Weibull
Norway;25;0,7167176418048048;0,767821080637047;Weibull
Norway;26;0,6560987239321125;0,7064920272627295;Weibull
Norway;27;0,5894617181217015;0,639099251442088;Weibull
Norway;28;0,5181825546331269;0,5670210434273812;Weibull
Norway;29;0,4441918948058134;0,49219053172634614;Weibull
Norway;30;0,3698892630446357;0,41700980243271824;Weibull
Norway;31;0,29796085557989327;0,34416769501851247;Weibull
Norway;32;0,2311075812487717;0,2763678299266298;Weibull
Norway;33;0,17171677097454066;0,21600030473159837;Weibull
Norway;34;0,12153807030574905;0,1648175733215503;Weibull
Norway;35;0,08144009490900135;0,1236910880843472;Weibull
Norway;36;0,051317924298671484;0,09251878046827046;Weibull
Norway;37;0,030187140263637703;0,07031908646143356;Weibull
Norway;38;0,016445142564791664;0,055492249644078284;Weibull
Norway;39;0,008225545612721553;0,04617470559928021;Weibull
Norway;40;0,0037423442857331297;0,040583235913503296;Weibull
Norway;41;0,0015331716041710004;0,03725821454888976;Weibull
Norway;42;0,0005594747670514845;0,03516377315343359;Weibull
Norway;43;0,00017973349928908486;0,033661009311302406;Weibull
Norway;44;5,0196807298930103e-05;0,03240871387862336;Weibull
Norway;45;1,2024499062342953e-05;0,031250503801682025;Weibull
Poland;1;0,9999999999248743;1,0000739655623805;WG
Poland;2;0,9999999951919567;1,00018224723675;WG
Poland;3;0,9999999452333839;1,0004314077131686;WG
Poland;4;0,9999996922852796;1,000981082857317;WG
Poland;5;0,9999988261620059;1,0021435379980643;WG
Poland;6;0,9999964949426163;1,0044997260563862;WG
Poland;7;0,9999911615784364;1,0090758020536144;WG
Poland;8;0,9999803064487847;1,0175886893670465;WG
Poland;9;0,9999600759327566;1,032751435538482;WG
Poland;10;0,9999248771461432;1,0585964315876089;WG
Poland;11;0,99986691913884;1,1007280854709014;WG
Poland;12;0,9997757010930738;1,1663655744416903;WG
Poland;13;0,9996374484500078;1,2640009106029704;WG
Poland;14;0,9994344984764375;1,4025063630625545;WG
Poland;15;0,9991446376311378;1,589606373087268;WG
Poland;16;0,9987403942813846;1,829794412407301;WG
Poland;17;0,998188291946559;2,12200366680067;WG
Poland;18;0,9974480704118887;2,457569267446992;WG
Poland;19;0,9964718848759087;2,8191545490843515;WG
Poland;20;0,9952034968913015;3,1812602912404686;WG
Poland;21;0,9935774753522036;3,5126463361892735;WG
Poland;22;0,991518431285035;3,780507800023868;WG
Poland;23;0,9889403168056192;3,9556967915402215;WG
Poland;24;0,9857458263634068;4,017857270858233;WG
Poland;25;0,9818259472888967;3,9592222254041767;WG
Poland;26;0,9770597165797068;3,786089496359382;WG
Poland;27;0,9713142515524494;3,5175831556865806;WG
Poland;28;0,9644451330128928;3,1820308207400343;WG
Poland;29;0,9562972302749024;2,8118989844865836;WG
Poland;30;0,9467060667074936;2,4385292762039166;WG
Poland;31;0,9354998311695604;2,087833272136686;WG
Poland;32;0,9225021429616758;1,7777011579069966;WG
Poland;33;0,907535673620187;1,5173314882874926;WG
Poland;34;0,8904267154406705;1,3081896520274892;WG
Poland;35;0,8710107611837455;1,1459923367550844;WG
Poland;36;0,849139119014679;1,0230414909137755;WG
Poland;37;0,8246865285983432;0,930352618190391;WG
Poland;38;0,7975596663380614;0,8592467141664474;WG
Poland;39;0,7677063292664041;0,8023066845506173;WG
Poland;40;0,7351249694586929;0,7537713846664135;WG
Poland;41;0,6998741184863696;0,70952880915363;WG
Poland;42;0,6620811027681616;0,6668840697106142;WG
Poland;43;0,6219493188411755;0,6242449866907708;WG
Poland;44;0,5797632307303778;0,5808174640235444;WG
Poland;45;0,53589019252247;0,5363553420919135;WG
Portugal;1;0,9999999997482516;1,017726068036352;WG
Portugal;2;0,9999999838881029;1,0276272658391867;WG
Portugal;3;0,9999998164754369;1,041370445336195;WG
Portugal;4;0,999998968839106;1,0595205289369216;WG
Portugal;5;0,9999960664390654;1,0822742527588127;WG
Portugal;6;0,9999882544958643;1,1092638884308765;WG
Portugal;7;0,9999703824916898;1,1394112834245151;WG
Portugal;8;0,9999340078463328;1,170890361567358;WG
Portugal;9;0,9998662195306457;1,2012426012264956;WG
Portugal;10;0,9997482832910203;1,227656530408667;WG
Portugal;11;0,9995541117994012;1,2473760614329557;WG
Portugal;12;0,9992485657888598;1,2581579062386365;WG
Portugal;13;0,9987855965669142;1,2586721970290198;WG
Portugal;14;0,9981062468149371;1,24874503307278;WG
Portugal;15;0,9971365359949507;1,2293786040084698;WG
Portugal;16;0,995785269811496;1,2025429839361064;WG
Portugal;17;0,9939418309055378;1,1707941563527084;WG
Portugal;18;0,9914740311918795;1,1368149991443062;WG
Portugal;19;0,9882261358044695;1,1029869292838583;WG
Portugal;20;0,9840172050491778;1,0710789279376107;WG
Portugal;21;0,9786399441596039;1,042098355121833;WG
Portugal;22;0,9718603002716443;1,0163008425023183;WG
Portugal;23;0,9634180998891216;0,9933199270133435;WG
Portugal;24;0,9530290744247054;0,9723596294626715;WG
Portugal;25;0,9403886699700256;0,9523952450957547;WG
Portugal;26;0,9251780710240097;0,9323431698003096;WG
Portugal;27;0,9070728736577145;0,9111810912860943;WG
Portugal;28;0,885754804908813;0,8880179527350435;WG
Portugal;29;0,8609267821365102;0,8621246271351679;WG
Portugal;30;0,8323314168492937;0,8329405560457096;WG
Portugal;31;0,7997727715662676;0,8000703905907869;WG
Portugal;32;0,7631407612403521;0,763280473028929;WG
Portugal;33;0,7224370518037191;0,7225000653086816;WG
Portugal;34;0,6778006693771381;0,6778279756510158;WG
Portugal;35;0,6295308493505468;0,6295422182772769;WG
Portugal;36;0,5781040210779955;0,5781085689131462;WG
Portugal;37;0,5241813821890293;0,5241831300954644;WG
Portugal;38;0,46860344466604326;0,46860409011197707;WG
Portugal;39;0,4123684248850777;0,4123686538820698;WG
Portugal;40;0,35659256419957697;0,35659264225946197;WG
Portugal;41;0,3024524758423076;0,3024525014078056;WG
Portugal;42;0,25111232465416794;0,251112332698849;WG
Portugal;43;0,20364174081975342;0,2036417432519105;WG
Portugal;44;0,16093328697498202;0,1609332876814665;WG
Portugal;45;0,12363029384981332;0,12363029404698378;WG
Romania;1;0,9999999999014458;1,0065180621610552;WG
Romania;2;0,9999999936925323;1,0109279692731574;WG
Romania;3;0,9999999281540042;1,0178945501314052;WG
Romania;4;0,9999995963221535;1,02861941922104;WG
Romania;5;0,9999984600920977;1,0447051953860709;WG
Romania;6;0,9999954018666735;1,0682042275417742;WG
Romania;7;0,9999884052663053;1,1016296065857267;WG
Romania;8;0,9999741649463425;1,1479056467228397;WG
Romania;9;0,9999476256387472;1,2102349167656792;WG
Romania;10;0,9999014506746776;1,291863932544751;WG
Romania;11;0,9998254204962196;1,3957410695331105;WG
Romania;12;0,999705762086999;1,5240782414207072;WG
Romania;13;0,9995244109174966;1,677850801860173;WG
Romania;14;0,9992582080053108;1,856294353472069;WG
Romania;15;0,9988780361475309;2,056477359756351;WG
Romania;16;0,9983479014269623;2,2730385249856266;WG
Romania;17;0,9976239688819928;2,4981724070251863;WG
Romania;18;0,9966535649354771;2,721922681240235;WG
Romania;19;0,9953741639885615;2,9328008540500634;WG
Romania;20;0,9937123826928335;3,1186946463696734;WG
Romania;21;0,9915830130009773;3,2679744426083275;WG
Romania;22;0,9888881343140976;3,370660078860956;WG
Romania;23;0,9855163559841711;3,4194851724436948;WG
Romania;24;0,9813422540819681;3,4106998432740325;WG
Romania;25;0,9762260805373647;3,3444866390111816;WG
Romania;26;0,9700138381086275;3,2249233575237026;WG
Romania;27;0,9625378304407057;3,0594988575036663;WG
Romania;28;0,9536178116279983;2,858259119290885;WG
Romania;29;0,9430628725992944;2,6327163255507666;WG
Romania;30;0,9306742100879288;2,3946829938755743;WG
Romania;31;0,9162489250653745;2,15519192363218;WG
Romania;32;0,8995849877397583;1,9236335925465604;WG
Romania;33;0,8804874813730111;1,7071941021910189;WG
Romania;34;0,8587761926644625;1,5106204779347665;WG
Romania;35;0,8342945476926761;1,336287835461231;WG
Romania;36;0,8069197954564243;1,1845037746680813;WG
Romania;37;0,7765742135562639;1,0539642189277245;WG
Romania;38;0,7432369529927412;0,9422720478059661;WG
Romania;39;0,706955956239084;0,846441793039309;WG
Romania;40;0,6678591854170444;0,7633347346647088;WG
Romania;41;0,6261642036608133;0,6899928772890788;WG
Romania;42;0,5821849888771041;0,6238624327454417;WG
Romania;43;0,5363347592319008;0,5629143280757984;WG
Romania;44;0,4891235936457036;0,5056796306908945;WG
Romania;45;0,4411497793043801;0,45122202818055585;WG
Slovakia;1;0,9999999998288148;1,0000555233247117;WG
Slovakia;2;0,9999999890441508;1,0001305161320142;WG
Slovakia;3;0,9999998752060382;1,000294692337111;WG
Slovakia;4;0,9999992988258979;1,0006390822785436;WG
Slovakia;5;0,9999973252357093;1,0013312812568311;WG
Slovakia;6;0,9999920132178372;1,002664270324704;WG
Slovakia;7;0,9999798604418503;1,0051231762383397;WG
Slovakia;8;0,9999551258486044;1,0094663487793045;WG
Slovakia;9;0,9999090293342093;1,016807902732345;WG
Slovakia;10;0,9998288295077918;1,0286762751934224;WG
Slovakia;11;0,9996967810560685;1,047010294239353;WG
Slovakia;12;0,9994889745183484;1,0740464596293766;WG
Slovakia;13;0,99917406328211;1,1120562787916808;WG
Slovakia;14;0,9987118856314163;1,162917506598356;WG
Slovakia;15;0,9980519940555006;1,2275499041860285;WG
Slovakia;16;0,9971321101463476;1,3053072994387018;WG
Slovakia;17;0,9958765317240734;1,3934751151936695;WG
Slovakia;18;0,9941945298010932;1,487050709371688;WG
Slovakia;19;0,9919787871052728;1,578959463997048;WG
Slovakia;20;0,9891039475546616;1,660773441648976;WG
Slovakia;21;0,9854253676139835;1,7238661332075806;WG
Slovakia;22;0,9807781859347507;1,76079492833836;WG
Slovakia;23;0,9749768567732441;1,7666035062337708;WG
Slovakia;24;0,9678153245024379;1,7397225533159153;WG
Slovakia;25;0,9590680493735781;1,6822341018569753;WG
Slovakia;26;0,9484921257260901;1,599429450114598;WG
Slovakia;27;0,9358307588728956;1,4987790935699463;WG
Slovakia;28;0,9208183800047118;1,388581657425841;WG
Slovakia;29;0,903187671905541;1,276620014886;WG
Slovakia;30;0,8826787424645324;1,1691136579515022;WG
Slovakia;31;0,8590506068693115;1,0701408709123101;WG
Slovakia;32;0,8320950114090281;0,9815597238928542;WG
Slovakia;33;0,8016524415774072;0,90333286818598;WG
Slovakia;34;0,7676298979427669;0,8340904996707083;WG
Slovakia;35;0,7300196956243034;0,7717565197327868;WG
Slovakia;36;0,6889181594507191;0,7141008860145864;WG
Slovakia;37;0,6445426756728647;0,659141380292151;WG
Slovakia;38;0,5972451716504139;0,6053763617330212;WG
Slovakia;39;0,547519798753684;0,551871129812691;WG
Slovakia;40;0,49600248212980536;0,49823975192998154;WG
Slovakia;41;0,4434601758718687;0,44456538080505487;WG
Slovakia;42;0,39076821822132524;0,3912927786069283;WG
Slovakia;43;0,3388751796703331;0,3391143880480715;WG
Slovakia;44;0,2887560314937351;0,28886083733838086;WG
Slovakia;45;0,24135622844647595;0,24140034715994965;WG
Slovenia;1;0,9999999988462208;1,0104528800719215;Weibull
Slovenia;2;0,999999926158133;1,0109339311365326;Weibull
Slovenia;3;0,9999991588953071;1,0114237316984942;Weibull
Slovenia;4;0,9999952741315082;1,0119191685644775;Weibull
Slovenia;5;0,9999819723622881;1,0124131916011925;Weibull
Slovenia;6;0,9999461707258601;1,012891907724741;Weibull
Slovenia;7;0,9998642682416942;1,0133308472786313;Weibull
Slovenia;8;0,9996975894371389;1,0136904091787873;Weibull
Slovenia;9;0,9993870223685707;1,0139105008374074;Weibull
Slovenia;10;0,9988468861337771;1,0139044079649189;Weibull
Slovenia;11;0,997958097268219;1,0135519636422299;Weibull
Slovenia;12;0,9965607615047886;1,012692143139398;Weibull
Slovenia;13;0,9944464066418874;1,0111153002188646;Weibull
Slovenia;14;0,9913502044888696;1,0085553928824187;Weibull
Slovenia;15;0,9869437161476783;1,0046827328075953;Weibull
Slovenia;16;0,9808289445394955;0,9990980423659641;Weibull
Slovenia;17;0,9725347948361457;0,9913289198634991;Weibull
Slovenia;18;0,9615174195529076;0,9808301897370064;Weibull
Slovenia;19;0,9471663326315973;0,9669900220097841;Weibull
Slovenia;20;0,9288185566168915;0,949144085080926;Weibull
Slovenia;21;0,905783315520251;0,9266002444113685;Weibull
Slovenia;22;0,8773797443851368;0,8986762780866269;Weibull
Slovenia;23;0,8429895379233152;0,864752531590017;Weibull
Slovenia;24;0,8021251456303506;0,8243401191564707;Weibull
Slovenia;25;0,7545117872432977;0,7771629455302815;Weibull
Slovenia;26;0,7001780626407291;0,7232483221858573;Weibull
Slovenia;27;0,6395453746800206;0,6630163964643072;Weibull
Slovenia;28;0,5735013342192571;0,597353562830455;Weibull
Slovenia;29;0,5034379642239503;0,5276506731073781;Weibull
Slovenia;30;0,4312337266401088;0,455785069326997;Weibull
Slovenia;31;0,3591614396042239;0,3840285067247125;Weibull
Slovenia;32;0,2897140151441603;0,3148728969903598;Weibull
Slovenia;33;0,22535712844058986;0,2507829828046248;Weibull
Slovenia;34;0,168240088058707;0,1939072130317746;Weibull
Slovenia;35;0,11991733277916738;0,14579924416073717;Weibull
Slovenia;36;0,08114430130568628;0,10721381423738334;Weibull
Slovenia;37;0,05180431674449293;0,07803363115128892;Weibull
Slovenia;38;0,030994180647353282;0,05735497003974113;Weibull
Slovenia;39;0,01725154784750069;0,043715051012634815;Weibull
Slovenia;40;0,008862914140430363;0,03540002922802718;Weibull
Slovenia;41;0,004166947459020052;0,030748327949351853;Weibull
Slovenia;42;0,001776463428949008;0,028372615455711188;Weibull
Slovenia;43;0,000679973121880928;0,02726135361221273;Weibull
Slovenia;44;0,00023121001745162741;0,02676832510504844;Weibull
Slovenia;45;6,904775631311106e-05;0,026532550921447233;Weibull
Sweden;1;0,9998777485144509;1,0103306297401515;Weibull
Sweden;2;0,9992248534436283;1,0101588584220278;Weibull
Sweden;3;0,9977177937205655;1,0091423665237527;Weibull
Sweden;4;0,9950936771498382;1,0070175715828076;Weibull
Sweden;5;0,9911251072102302;1,0035563264491345;Weibull
Sweden;6;0,985612696936625;0,9985584339355059;Weibull
Sweden;7;0,9783825461583635;0,9918491251953008;Weibull
Sweden;8;0,9692858325096023;0,9832786522512506;Weibull
Sweden;9;0,9581994361778904;0,9727229146467271;Weibull
Sweden;10;0,9450270661174796;0,9600845879486212;Weibull
Sweden;11;0,9297005715007102;0,945294437874721;Weibull
Sweden;12;0,9121812223468168;0,9283126039814263;Weibull
Sweden;13;0,8924607968050147;0,9091296903819919;Weibull
Sweden;14;0,8705623460233198;0,8877675344168691;Weibull
Sweden;15;0,846540532418783;0,8642795490787;Weibull
Sweden;16;0,8204814588920931;0,8387505567185617;Weibull
Sweden;17;0,792501927720522;0,8112960527478754;Weibull
Sweden;18;0,7627480897052572;0,782060859889356;Weibull
Sweden;19;0,7313934670079751;0,7512171563861619;Weibull
Sweden;20;0,6986363568338341;0,7189618852978685;Weibull
Sweden;21;0,6646966472011019;0,6855135760922193;Weibull
Sweden;22;0,6298120997403882;0,6511086334418783;Weibull
Sweden;23;0,5942341768968982;0,6159971705635999;Weibull
Sweden;24;0,5582235111021573;0,5804384846282773;Weibull
Sweden;25;0,5220451304735967;0,5446962887605805;Weibull
Sweden;26;0,48596356850093786;0,509033828046066;Weibull
Sweden;27;0,45023799323825003;0,47370901502253665;Weibull
Sweden;28;0,41511749419195476;0,4389697228031527;Weibull
Sweden;29;0,38083666208033357;0,4050493709637614;Weibull
Sweden;30;0,3476115879261813;0,37216293061306954;Weibull
Sweden;31;0,3156363938187763;0,34050346093926487;Weibull
Sweden;32;0,28508038872896896;0,3102392705751685;Weibull
Sweden;33;0,2560859198392557;0,28151177420329065;Weibull
Sweden;34;0,22876696404527558;0,2544340890183432;Weibull
Sweden;35;0,2032084768499192;0,22909038823148897;Weibull
Sweden;36;0,17946648815325653;0,2055360010849536;Weibull
Sweden;37;0,15756890779921714;0,18379822220601313;Weibull
Sweden;38;0,1375169794592773;0,16387776885166513;Weibull
Sweden;39;0,11928730064834873;0,14575080381348285;Weibull
Sweden;40;0,10283431029195693;0,12937142537955373;Weibull
Sweden;41;0,08809313393646401;0,11467451442679581;Weibull
Sweden;42;0,07498267074869318;0,10157882277545535;Weibull
Sweden;43;0,06340880590342328;0,08999018639375508;Weibull
Sweden;44;0,05326763651635593;0,07980475160395274;Weibull
Sweden;45;0,04444860838235479;0,07091211154748892;Weibull
United Kingdom;1;0,9999944367629436;1,0104473179886442;Weibull
United Kingdom;2;0,999920640373226;1,0108546453516256;Weibull
United Kingdom;3;0,9996243784405688;1,011048951243756;Weibull
United Kingdom;4;0,9988684881536756;1,010792382586645;Weibull
United Kingdom;5;0,9973397382071537;1,009770957446058;Weibull
United Kingdom;6;0,9946548869474794;1,0076006239463602;Weibull
United Kingdom;7;0,9903678100505684;1,0038343890875057;Weibull
United Kingdom;8;0,9839789628156189;0,9979717825572672;Weibull
United Kingdom;9;0,9749482633753747;0,9894717418442114;Weibull
United Kingdom;10;0,9627123372469043;0,9777698590780459;Weibull
United Kingdom;11;0,9467068402019178;0,9623007065759286;Weibull
United Kingdom;12;0,9263942181439785;0,9425255997785881;Weibull
United Kingdom;13;0,9012967345281683;0,9179656281051455;Weibull
United Kingdom;14;0,8710338854450962;0,8882390738386454;Weibull
United Kingdom;15;0,8353624490355559;0,8531014656954728;Weibull
United Kingdom;16;0,794216441431014;0,8124855392574826;Weibull
United Kingdom;17;0,7477432896004397;0,7665374146277932;Weibull
United Kingdom;18;0,6963317491537506;0,7156445193378494;Weibull
United Kingdom;19;0,6406267010901342;0,660450390468321;Weibull
United Kingdom;20;0,581526177995304;0,6018517064593385;Weibull
United Kingdom;21;0,5201569859384825;0,5409739148295999;Weibull
United Kingdom;22;0,4578271963729009;0,4791237300743911;Weibull
United Kingdom;23;0,3959565151109035;0,4177195087776053;Weibull
United Kingdom;24;0,3359888157060508;0,3582037892321708;Weibull
United Kingdom;25;0,2792944565860169;0,3019456148730008;Weibull
United Kingdom;26;0,22707272346365084;0,250142983008779;Weibull
United Kingdom;27;0,18026614672052374;0,20373716850481038;Weibull
United Kingdom;28;0,13949797081391035;0,16335019942510828;Weibull
United Kingdom;29;0,10504146524381311;0,12925417412724097;Weibull
United Kingdom;30;0,07682530988941638;0,1013766525763046;Weibull
United Kingdom;31;0,05447371817445423;0,0793407852949428;Weibull
United Kingdom;32;0,03737441948004592;0,06253330132624546;Weibull
United Kingdom;33;0,024763352967271904;0,05018920733130684;Weibull
United Kingdom;34;0,015812923359407916;0,04148004833247551;Weibull
United Kingdom;35;0,00971136428140061;0,0355932756629704;Weibull
United Kingdom;36;0,00572385861130404;0,031793371543001096;Weibull
United Kingdom;37;0,0032306582481568718;0,029459972654952867;Weibull
United Kingdom;38;0,001742277364367314;0,02810306675675516;Weibull
United Kingdom;39;0,0008957283007485713;0,02735923146588269;Weibull
United Kingdom;40;0,00043798030650358665;0,026975095394100403;Weibull
United Kingdom;41;0,00020319676758075725;0,02678457725791256;Weibull
United Kingdom;42;8,922894189527203e-05;0,02668538096865745;Weibull
United Kingdom;43;3,6994954714696336e-05;0,026618375445046496;Weibull
United Kingdom;44;1,4445297370020369e-05;0,026551560384966835;Weibull
United Kingdom;45;5,298287923625563e-06;0,026468801453057748;Weibull
